Wavelength (nm),% Transmission,,,,,,,,,,
270,0.00387550,,,,,,,,,,
270.2,0.00386630,,,,,,,,,,
270.4,0.00385700,,,,,,,,,,
270.6,0.00384780,,,,,,,,,,
270.8,0.00383860,,,,,,,,,,
271,0.00382940,,,,,,,,,,
271.2,0.00382030,,,,,,,,,,
271.4,0.00381110,,,,,,,,,,
271.6,0.00380200,,,,,,,,,,
271.8,0.00379290,,,,,,,,,,
272,0.00378380,,,,,,,,,,
272.2,0.00377480,,,,,,,,,,
272.4,0.00376950,,,,,,,,,,
272.6,0.00377610,,,,,,,,,,
272.8,0.00378280,,,,,,,,,,
273,0.00378950,,,,,,,,,,
273.2,0.00379610,,,,,,,,,,
273.4,0.00380280,,,,,,,,,,
273.6,0.00380960,,,,,,,,,,
273.8,0.00381630,,,,,,,,,,
274,0.00382300,,,,,,,,,,
274.2,0.00382980,,,,,,,,,,
274.4,0.00383650,,,,,,,,,,
274.6,0.00384330,,,,,,,,,,
274.8,0.00385010,,,,,,,,,,
275,0.00385690,,,,,,,,,,
275.2,0.00366510,,,,,,,,,,
275.4,0.00348290,,,,,,,,,,
275.6,0.00337540,,,,,,,,,,
275.8,0.00335900,,,,,,,,,,
276,0.00334280,,,,,,,,,,
276.2,0.00332670,,,,,,,,,,
276.4,0.00331060,,,,,,,,,,
276.6,0.00329460,,,,,,,,,,
276.8,0.00327870,,,,,,,,,,
277,0.00326280,,,,,,,,,,
277.2,0.00324700,,,,,,,,,,
277.4,0.00323130,,,,,,,,,,
277.6,0.00321570,,,,,,,,,,
277.8,0.00320020,,,,,,,,,,
278,0.00318470,,,,,,,,,,
278.2,0.00316930,,,,,,,,,,
278.4,0.00315400,,,,,,,,,,
278.6,0.00311630,,,,,,,,,,
278.8,0.00290510,,,,,,,,,,
279,0.00270810,,,,,,,,,,
279.2,0.00252460,,,,,,,,,,
279.4,0.00235350,,,,,,,,,,
279.6,0.00219390,,,,,,,,,,
279.8,0.00204520,,,,,,,,,,
280,0.00190660,,,,,,,,,,
280.2,0.00177740,,,,,,,,,,
280.4,0.00165690,,,,,,,,,,
280.6,0.00154460,,,,,,,,,,
280.8,0.00143990,,,,,,,,,,
281,0.00134230,,,,,,,,,,
281.2,0.00125130,,,,,,,,,,
281.4,0.00116650,,,,,,,,,,
281.6,0.00108740,,,,,,,,,,
281.8,0.00109620,,,,,,,,,,
282,0.00112760,,,,,,,,,,
282.2,0.00115980,,,,,,,,,,
282.4,0.00119300,,,,,,,,,,
282.6,0.00122720,,,,,,,,,,
282.8,0.00126230,,,,,,,,,,
283,0.00129840,,,,,,,,,,
283.2,0.00133550,,,,,,,,,,
283.4,0.00137380,,,,,,,,,,
283.6,0.00141310,,,,,,,,,,
283.8,0.00145350,,,,,,,,,,
284,0.00149510,,,,,,,,,,
284.2,0.00153790,,,,,,,,,,
284.4,0.00158190,,,,,,,,,,
284.6,0.00162710,,,,,,,,,,
284.8,0.00160560,,,,,,,,,,
285,0.00151740,,,,,,,,,,
285.2,0.00143410,,,,,,,,,,
285.4,0.00135530,,,,,,,,,,
285.6,0.00128080,,,,,,,,,,
285.8,0.00121040,,,,,,,,,,
286,0.00114390,,,,,,,,,,
286.2,0.00108110,,,,,,,,,,
286.4,0.00102170,,,,,,,,,,
286.6,0.00096556,,,,,,,,,,
286.8,0.00091251,,,,,,,,,,
287,0.00086238,,,,,,,,,,
287.2,0.00081500,,,,,,,,,,
287.4,0.00077022,,,,,,,,,,
287.6,0.00072791,,,,,,,,,,
287.8,0.00069597,,,,,,,,,,
288,0.00070046,,,,,,,,,,
288.2,0.00070497,,,,,,,,,,
288.4,0.00070951,,,,,,,,,,
288.6,0.00071408,,,,,,,,,,
288.8,0.00071868,,,,,,,,,,
289,0.00072331,,,,,,,,,,
289.2,0.00072797,,,,,,,,,,
289.4,0.00073266,,,,,,,,,,
289.6,0.00073739,,,,,,,,,,
289.8,0.00074214,,,,,,,,,,
290,0.00074692,,,,,,,,,,
290.2,0.00075173,,,,,,,,,,
290.4,0.00075657,,,,,,,,,,
290.6,0.00076145,,,,,,,,,,
290.8,0.00076635,,,,,,,,,,
291,0.00075244,,,,,,,,,,
291.2,0.00073651,,,,,,,,,,
291.4,0.00072093,,,,,,,,,,
291.6,0.00070567,,,,,,,,,,
291.8,0.00069074,,,,,,,,,,
292,0.00067613,,,,,,,,,,
292.2,0.00066182,,,,,,,,,,
292.4,0.00064781,,,,,,,,,,
292.6,0.00063411,,,,,,,,,,
292.8,0.00062069,,,,,,,,,,
293,0.00060755,,,,,,,,,,
293.2,0.00059470,,,,,,,,,,
293.4,0.00058211,,,,,,,,,,
293.6,0.00056980,,,,,,,,,,
293.8,0.00055774,,,,,,,,,,
294,0.00054517,,,,,,,,,,
294.2,0.00053238,,,,,,,,,,
294.4,0.00051990,,,,,,,,,,
294.6,0.00050770,,,,,,,,,,
294.8,0.00049579,,,,,,,,,,
295,0.00048417,,,,,,,,,,
295.2,0.00047441,,,,,,,,,,
295.4,0.00046486,,,,,,,,,,
295.6,0.00045549,,,,,,,,,,
295.8,0.00044632,,,,,,,,,,
296,0.00043733,,,,,,,,,,
296.2,0.00042852,,,,,,,,,,
296.4,0.00041989,,,,,,,,,,
296.6,0.00041143,,,,,,,,,,
296.8,0.00040314,,,,,,,,,,
297,0.00039502,,,,,,,,,,
297.2,0.00038857,,,,,,,,,,
297.4,0.00039964,,,,,,,,,,
297.6,0.00041102,,,,,,,,,,
297.8,0.00042274,,,,,,,,,,
298,0.00043478,,,,,,,,,,
298.2,0.00044717,,,,,,,,,,
298.4,0.00045991,,,,,,,,,,
298.6,0.00047301,,,,,,,,,,
298.8,0.00048649,,,,,,,,,,
299,0.00050035,,,,,,,,,,
299.2,0.00051460,,,,,,,,,,
299.4,0.00052926,,,,,,,,,,
299.6,0.00054434,,,,,,,,,,
299.8,0.00055985,,,,,,,,,,
300,0.00057580,,,,,,,,,,
300.2,0.00059220,,,,,,,,,,
300.4,0.00057015,,,,,,,,,,
300.6,0.00053936,,,,,,,,,,
300.8,0.00051023,,,,,,,,,,
301,0.00048268,,,,,,,,,,
301.2,0.00045661,,,,,,,,,,
301.4,0.00043195,,,,,,,,,,
301.6,0.00040863,,,,,,,,,,
301.8,0.00038656,,,,,,,,,,
302,0.00036568,,,,,,,,,,
302.2,0.00034594,,,,,,,,,,
302.4,0.00032725,,,,,,,,,,
302.6,0.00030958,,,,,,,,,,
302.8,0.00029286,,,,,,,,,,
303,0.00027705,,,,,,,,,,
303.2,0.00026209,,,,,,,,,,
303.4,0.00026648,,,,,,,,,,
303.6,0.00029082,,,,,,,,,,
303.8,0.00031737,,,,,,,,,,
304,0.00034634,,,,,,,,,,
304.2,0.00037797,,,,,,,,,,
304.4,0.00041248,,,,,,,,,,
304.6,0.00045013,,,,,,,,,,
304.8,0.00049123,,,,,,,,,,
305,0.00053608,,,,,,,,,,
305.2,0.00070772,,,,,,,,,,
305.4,0.00070948,,,,,,,,,,
305.6,0.00071125,,,,,,,,,,
305.8,0.00071302,,,,,,,,,,
306,0.00071479,,,,,,,,,,
306.2,0.00071657,,,,,,,,,,
306.4,0.00071836,,,,,,,,,,
306.6,0.00072015,,,,,,,,,,
306.8,0.00072194,,,,,,,,,,
307,0.00072374,,,,,,,,,,
307.2,0.00072555,,,,,,,,,,
307.4,0.00072735,,,,,,,,,,
307.6,0.00072916,,,,,,,,,,
307.8,0.00073098,,,,,,,,,,
308,0.00073280,,,,,,,,,,
308.2,0.00073605,,,,,,,,,,
308.4,0.00075037,,,,,,,,,,
308.6,0.00076496,,,,,,,,,,
308.8,0.00077984,,,,,,,,,,
309,0.00079502,,,,,,,,,,
309.2,0.00081048,,,,,,,,,,
309.4,0.00082625,,,,,,,,,,
309.6,0.00084232,,,,,,,,,,
309.8,0.00085871,,,,,,,,,,
310,0.00087542,,,,,,,,,,
310.2,0.00089245,,,,,,,,,,
310.4,0.00090981,,,,,,,,,,
310.6,0.00092751,,,,,,,,,,
310.8,0.00094555,,,,,,,,,,
311,0.00096395,,,,,,,,,,
311.2,0.00098270,,,,,,,,,,
311.4,0.00098196,,,,,,,,,,
311.6,0.00097601,,,,,,,,,,
311.8,0.00097010,,,,,,,,,,
312,0.00096422,,,,,,,,,,
312.2,0.00095838,,,,,,,,,,
312.4,0.00095257,,,,,,,,,,
312.6,0.00094680,,,,,,,,,,
312.8,0.00094107,,,,,,,,,,
313,0.00093537,,,,,,,,,,
313.2,0.00092970,,,,,,,,,,
313.4,0.00092407,,,,,,,,,,
313.6,0.00091847,,,,,,,,,,
313.8,0.00091291,,,,,,,,,,
314,0.00090738,,,,,,,,,,
314.2,0.00090188,,,,,,,,,,
314.4,0.00090701,,,,,,,,,,
314.6,0.00092433,,,,,,,,,,
314.8,0.00094198,,,,,,,,,,
315,0.00095997,,,,,,,,,,
315.2,0.00097830,,,,,,,,,,
315.4,0.00099699,,,,,,,,,,
315.6,0.00101600,,,,,,,,,,
315.8,0.00103540,,,,,,,,,,
316,0.00105520,,,,,,,,,,
316.2,0.00107540,,,,,,,,,,
316.4,0.00109590,,,,,,,,,,
316.6,0.00111680,,,,,,,,,,
316.8,0.00113810,,,,,,,,,,
317,0.00115990,,,,,,,,,,
317.2,0.00118200,,,,,,,,,,
317.4,0.00120710,,,,,,,,,,
317.6,0.00124710,,,,,,,,,,
317.8,0.00128830,,,,,,,,,,
318,0.00133090,,,,,,,,,,
318.2,0.00137490,,,,,,,,,,
318.4,0.00142030,,,,,,,,,,
318.6,0.00146730,,,,,,,,,,
318.8,0.00151580,,,,,,,,,,
319,0.00156590,,,,,,,,,,
319.2,0.00161760,,,,,,,,,,
319.4,0.00167110,,,,,,,,,,
319.6,0.00172640,,,,,,,,,,
319.8,0.00178340,,,,,,,,,,
320,0.00184240,,,,,,,,,,
320.2,0.00190330,,,,,,,,,,
320.4,0.00196620,,,,,,,,,,
320.6,0.00204040,,,,,,,,,,
320.8,0.00211920,,,,,,,,,,
321,0.00220110,,,,,,,,,,
321.2,0.00228610,,,,,,,,,,
321.4,0.00237440,,,,,,,,,,
321.6,0.00246600,,,,,,,,,,
321.8,0.00256130,,,,,,,,,,
322,0.00266020,,,,,,,,,,
322.2,0.00276290,,,,,,,,,,
322.4,0.00286960,,,,,,,,,,
322.6,0.00298040,,,,,,,,,,
322.8,0.00309550,,,,,,,,,,
323,0.00321510,,,,,,,,,,
323.2,0.00333920,,,,,,,,,,
323.4,0.00346820,,,,,,,,,,
323.6,0.00351040,,,,,,,,,,
323.8,0.00347580,,,,,,,,,,
324,0.00344160,,,,,,,,,,
324.2,0.00340770,,,,,,,,,,
324.4,0.00337420,,,,,,,,,,
324.6,0.00334100,,,,,,,,,,
324.8,0.00330810,,,,,,,,,,
325,0.00327550,,,,,,,,,,
325.2,0.00324330,,,,,,,,,,
325.4,0.00321130,,,,,,,,,,
325.6,0.00317970,,,,,,,,,,
325.8,0.00314840,,,,,,,,,,
326,0.00311740,,,,,,,,,,
326.2,0.00308670,,,,,,,,,,
326.4,0.00305640,,,,,,,,,,
326.6,0.00298320,,,,,,,,,,
326.8,0.00278250,,,,,,,,,,
327,0.00259530,,,,,,,,,,
327.2,0.00242060,,,,,,,,,,
327.4,0.00225780,,,,,,,,,,
327.6,0.00210590,,,,,,,,,,
327.8,0.00196420,,,,,,,,,,
328,0.00183200,,,,,,,,,,
328.2,0.00170880,,,,,,,,,,
328.4,0.00159380,,,,,,,,,,
328.6,0.00148660,,,,,,,,,,
328.8,0.00138650,,,,,,,,,,
329,0.00129320,,,,,,,,,,
329.2,0.00120620,,,,,,,,,,
329.4,0.00112510,,,,,,,,,,
329.6,0.00104940,,,,,,,,,,
329.8,0.00098337,,,,,,,,,,
330,0.00092175,,,,,,,,,,
330.2,0.00086398,,,,,,,,,,
330.4,0.00080984,,,,,,,,,,
330.6,0.00075909,,,,,,,,,,
330.8,0.00071152,,,,,,,,,,
331,0.00066693,,,,,,,,,,
331.2,0.00062513,,,,,,,,,,
331.4,0.00058596,,,,,,,,,,
331.6,0.00054923,,,,,,,,,,
331.8,0.00051482,,,,,,,,,,
332,0.00048255,,,,,,,,,,
332.2,0.00045231,,,,,,,,,,
332.4,0.00042397,,,,,,,,,,
332.6,0.00039740,,,,,,,,,,
332.8,0.00038614,,,,,,,,,,
333,0.00038222,,,,,,,,,,
333.2,0.00037834,,,,,,,,,,
333.4,0.00037451,,,,,,,,,,
333.6,0.00037071,,,,,,,,,,
333.8,0.00036694,,,,,,,,,,
334,0.00036322,,,,,,,,,,
334.2,0.00035953,,,,,,,,,,
334.4,0.00035589,,,,,,,,,,
334.6,0.00035228,,,,,,,,,,
334.8,0.00034870,,,,,,,,,,
335,0.00034516,,,,,,,,,,
335.2,0.00034166,,,,,,,,,,
335.4,0.00033819,,,,,,,,,,
335.6,0.00033476,,,,,,,,,,
335.8,0.00033121,,,,,,,,,,
336,0.00032745,,,,,,,,,,
336.2,0.00032372,,,,,,,,,,
336.4,0.00032004,,,,,,,,,,
336.6,0.00031641,,,,,,,,,,
336.8,0.00031281,,,,,,,,,,
337,0.00030926,,,,,,,,,,
337.2,0.00030574,,,,,,,,,,
337.4,0.00030227,,,,,,,,,,
337.6,0.00029883,,,,,,,,,,
337.8,0.00029543,,,,,,,,,,
338,0.00029208,,,,,,,,,,
338.2,0.00028876,,,,,,,,,,
338.4,0.00028547,,,,,,,,,,
338.6,0.00028223,,,,,,,,,,
338.8,0.00027928,,,,,,,,,,
339,0.00027867,,,,,,,,,,
339.2,0.00027805,,,,,,,,,,
339.4,0.00027744,,,,,,,,,,
339.6,0.00027683,,,,,,,,,,
339.8,0.00027622,,,,,,,,,,
340,0.00027562,,,,,,,,,,
340.2,0.00027501,,,,,,,,,,
340.4,0.00027441,,,,,,,,,,
340.6,0.00027381,,,,,,,,,,
340.8,0.00027320,,,,,,,,,,
341,0.00027260,,,,,,,,,,
341.2,0.00027201,,,,,,,,,,
341.4,0.00027141,,,,,,,,,,
341.6,0.00027081,,,,,,,,,,
341.8,0.00027022,,,,,,,,,,
342,0.00026635,,,,,,,,,,
342.2,0.00026188,,,,,,,,,,
342.4,0.00025748,,,,,,,,,,
342.6,0.00025316,,,,,,,,,,
342.8,0.00024890,,,,,,,,,,
343,0.00024473,,,,,,,,,,
343.2,0.00024062,,,,,,,,,,
343.4,0.00023658,,,,,,,,,,
343.6,0.00023261,,,,,,,,,,
343.8,0.00022870,,,,,,,,,,
344,0.00022486,,,,,,,,,,
344.2,0.00022108,,,,,,,,,,
344.4,0.00021737,,,,,,,,,,
344.6,0.00021372,,,,,,,,,,
344.8,0.00021013,,,,,,,,,,
345,0.00020817,,,,,,,,,,
345.2,0.00020746,,,,,,,,,,
345.4,0.00020675,,,,,,,,,,
345.6,0.00020604,,,,,,,,,,
345.8,0.00020534,,,,,,,,,,
346,0.00020463,,,,,,,,,,
346.2,0.00020393,,,,,,,,,,
346.4,0.00020323,,,,,,,,,,
346.6,0.00020254,,,,,,,,,,
346.8,0.00020184,,,,,,,,,,
347,0.00020115,,,,,,,,,,
347.2,0.00020046,,,,,,,,,,
347.4,0.00019978,,,,,,,,,,
347.6,0.00019909,,,,,,,,,,
347.8,0.00019841,,,,,,,,,,
348,0.00019740,,,,,,,,,,
348.2,0.00019562,,,,,,,,,,
348.4,0.00019386,,,,,,,,,,
348.6,0.00019211,,,,,,,,,,
348.8,0.00019038,,,,,,,,,,
349,0.00018867,,,,,,,,,,
349.2,0.00018697,,,,,,,,,,
349.4,0.00018529,,,,,,,,,,
349.6,0.00018362,,,,,,,,,,
349.8,0.00018196,,,,,,,,,,
350,0.00018033,,,,,,,,,,
350.2,0.00017870,,,,,,,,,,
350.4,0.00017709,,,,,,,,,,
350.6,0.00017550,,,,,,,,,,
350.8,0.00017392,,,,,,,,,,
351,0.00017241,,,,,,,,,,
351.2,0.00017207,,,,,,,,,,
351.4,0.00017174,,,,,,,,,,
351.6,0.00017141,,,,,,,,,,
351.8,0.00017107,,,,,,,,,,
352,0.00017074,,,,,,,,,,
352.2,0.00017041,,,,,,,,,,
352.4,0.00017008,,,,,,,,,,
352.6,0.00016975,,,,,,,,,,
352.8,0.00016942,,,,,,,,,,
353,0.00016909,,,,,,,,,,
353.2,0.00016877,,,,,,,,,,
353.4,0.00016844,,,,,,,,,,
353.6,0.00016811,,,,,,,,,,
353.8,0.00016779,,,,,,,,,,
354,0.00016746,,,,,,,,,,
354.2,0.00016822,,,,,,,,,,
354.4,0.00016926,,,,,,,,,,
354.6,0.00017032,,,,,,,,,,
354.8,0.00017138,,,,,,,,,,
355,0.00017244,,,,,,,,,,
355.2,0.00017351,,,,,,,,,,
355.4,0.00017459,,,,,,,,,,
355.6,0.00017568,,,,,,,,,,
355.8,0.00017677,,,,,,,,,,
356,0.00017787,,,,,,,,,,
356.2,0.00017898,,,,,,,,,,
356.4,0.00018009,,,,,,,,,,
356.6,0.00018121,,,,,,,,,,
356.8,0.00018234,,,,,,,,,,
357,0.00018347,,,,,,,,,,
357.2,0.00018262,,,,,,,,,,
357.4,0.00018013,,,,,,,,,,
357.6,0.00017768,,,,,,,,,,
357.8,0.00017525,,,,,,,,,,
358,0.00017286,,,,,,,,,,
358.2,0.00017051,,,,,,,,,,
358.4,0.00016818,,,,,,,,,,
358.6,0.00016589,,,,,,,,,,
358.8,0.00016363,,,,,,,,,,
359,0.00016140,,,,,,,,,,
359.2,0.00015920,,,,,,,,,,
359.4,0.00015703,,,,,,,,,,
359.6,0.00015489,,,,,,,,,,
359.8,0.00015278,,,,,,,,,,
360,0.00015070,,,,,,,,,,
360.2,0.00015104,,,,,,,,,,
360.4,0.00015699,,,,,,,,,,
360.6,0.00016318,,,,,,,,,,
360.8,0.00016962,,,,,,,,,,
361,0.00017631,,,,,,,,,,
361.2,0.00018326,,,,,,,,,,
361.4,0.00019049,,,,,,,,,,
361.6,0.00019800,,,,,,,,,,
361.8,0.00020581,,,,,,,,,,
362,0.00021392,,,,,,,,,,
362.2,0.00022236,,,,,,,,,,
362.4,0.00023113,,,,,,,,,,
362.6,0.00024024,,,,,,,,,,
362.8,0.00024971,,,,,,,,,,
363,0.00025956,,,,,,,,,,
363.2,0.00026527,,,,,,,,,,
363.4,0.00021652,,,,,,,,,,
363.6,0.00017672,,,,,,,,,,
363.8,0.00014424,,,,,,,,,,
364,0.00011773,,,,,,,,,,
364.2,0.00009610,,,,,,,,,,
364.4,0.00007844,,,,,,,,,,
364.6,0.00006402,,,,,,,,,,
364.8,0.00005226,,,,,,,,,,
365,0.00004265,,,,,,,,,,
365.2,0.00007880,,,,,,,,,,
365.4,0.00006883,,,,,,,,,,
365.6,0.00007482,,,,,,,,,,
365.8,0.00008193,,,,,,,,,,
366,0.00008150,,,,,,,,,,
366.2,0.00007825,,,,,,,,,,
366.4,0.00007550,,,,,,,,,,
366.6,0.00006677,,,,,,,,,,
366.8,0.00007991,,,,,,,,,,
367,0.00007527,,,,,,,,,,
367.2,0.00008011,,,,,,,,,,
367.4,0.00007188,,,,,,,,,,
367.6,0.00007708,,,,,,,,,,
367.8,0.00008052,,,,,,,,,,
368,0.00008155,,,,,,,,,,
368.2,0.00007435,,,,,,,,,,
368.4,0.00007458,,,,,,,,,,
368.6,0.00007507,,,,,,,,,,
368.8,0.00008398,,,,,,,,,,
369,0.00007590,,,,,,,,,,
369.2,0.00007517,,,,,,,,,,
369.4,0.00007130,,,,,,,,,,
369.6,0.00007779,,,,,,,,,,
369.8,0.00007078,,,,,,,,,,
370,0.00008474,,,,,,,,,,
370.2,0.00008134,,,,,,,,,,
370.4,0.00007514,,,,,,,,,,
370.6,0.00006900,,,,,,,,,,
370.8,0.00007010,,,,,,,,,,
371,0.00007845,,,,,,,,,,
371.2,0.00007566,,,,,,,,,,
371.4,0.00007671,,,,,,,,,,
371.6,0.00007415,,,,,,,,,,
371.8,0.00007850,,,,,,,,,,
372,0.00007484,,,,,,,,,,
372.2,0.00007770,,,,,,,,,,
372.4,0.00008141,,,,,,,,,,
372.6,0.00007501,,,,,,,,,,
372.8,0.00007275,,,,,,,,,,
373,0.00007310,,,,,,,,,,
373.2,0.00008433,,,,,,,,,,
373.4,0.00007928,,,,,,,,,,
373.6,0.00007011,,,,,,,,,,
373.8,0.00007249,,,,,,,,,,
374,0.00008034,,,,,,,,,,
374.2,0.00007593,,,,,,,,,,
374.4,0.00008278,,,,,,,,,,
374.6,0.00007131,,,,,,,,,,
374.8,0.00007848,,,,,,,,,,
375,0.00007481,,,,,,,,,,
375.2,0.00007738,,,,,,,,,,
375.4,0.00008483,,,,,,,,,,
375.6,0.00007573,,,,,,,,,,
375.8,0.00007124,,,,,,,,,,
376,0.00007098,,,,,,,,,,
376.2,0.00008093,,,,,,,,,,
376.4,0.00008277,,,,,,,,,,
376.6,0.00007470,,,,,,,,,,
376.8,0.00007578,,,,,,,,,,
377,0.00007478,,,,,,,,,,
377.2,0.00008227,,,,,,,,,,
377.4,0.00007920,,,,,,,,,,
377.6,0.00007656,,,,,,,,,,
377.8,0.00007838,,,,,,,,,,
378,0.00007864,,,,,,,,,,
378.2,0.00007897,,,,,,,,,,
378.4,0.00008311,,,,,,,,,,
378.6,0.00007430,,,,,,,,,,
378.8,0.00007754,,,,,,,,,,
379,0.00007427,,,,,,,,,,
379.2,0.00007176,,,,,,,,,,
379.4,0.00008017,,,,,,,,,,
379.6,0.00008322,,,,,,,,,,
379.8,0.00007793,,,,,,,,,,
380,0.00007309,,,,,,,,,,
380.2,0.00008019,,,,,,,,,,
380.4,0.00007665,,,,,,,,,,
380.6,0.00007606,,,,,,,,,,
380.8,0.00008119,,,,,,,,,,
381,0.00007651,,,,,,,,,,
381.2,0.00007875,,,,,,,,,,
381.4,0.00007737,,,,,,,,,,
381.6,0.00008014,,,,,,,,,,
381.8,0.00008394,,,,,,,,,,
382,0.00007923,,,,,,,,,,
382.2,0.00007379,,,,,,,,,,
382.4,0.00007794,,,,,,,,,,
382.6,0.00008109,,,,,,,,,,
382.8,0.00007824,,,,,,,,,,
383,0.00007464,,,,,,,,,,
383.2,0.00007478,,,,,,,,,,
383.4,0.00007087,,,,,,,,,,
383.6,0.00007715,,,,,,,,,,
383.8,0.00007872,,,,,,,,,,
384,0.00007996,,,,,,,,,,
384.2,0.00007504,,,,,,,,,,
384.4,0.00007618,,,,,,,,,,
384.6,0.00007882,,,,,,,,,,
384.8,0.00007865,,,,,,,,,,
385,0.00008283,,,,,,,,,,
385.2,0.00007834,,,,,,,,,,
385.4,0.00007585,,,,,,,,,,
385.6,0.00008175,,,,,,,,,,
385.8,0.00008166,,,,,,,,,,
386,0.00008192,,,,,,,,,,
386.2,0.00007458,,,,,,,,,,
386.4,0.00007871,,,,,,,,,,
386.6,0.00007694,,,,,,,,,,
386.8,0.00008139,,,,,,,,,,
387,0.00007973,,,,,,,,,,
387.2,0.00008354,,,,,,,,,,
387.4,0.00007944,,,,,,,,,,
387.6,0.00008048,,,,,,,,,,
387.8,0.00008249,,,,,,,,,,
388,0.00007995,,,,,,,,,,
388.2,0.00008498,,,,,,,,,,
388.4,0.00008324,,,,,,,,,,
388.6,0.00007834,,,,,,,,,,
388.8,0.00008197,,,,,,,,,,
389,0.00007879,,,,,,,,,,
389.2,0.00008031,,,,,,,,,,
389.4,0.00007998,,,,,,,,,,
389.6,0.00007985,,,,,,,,,,
389.8,0.00007770,,,,,,,,,,
390,0.00008036,,,,,,,,,,
390.2,0.00007832,,,,,,,,,,
390.4,0.00008464,,,,,,,,,,
390.6,0.00008013,,,,,,,,,,
390.8,0.00008172,,,,,,,,,,
391,0.00008110,,,,,,,,,,
391.2,0.00008394,,,,,,,,,,
391.4,0.00008011,,,,,,,,,,
391.6,0.00007547,,,,,,,,,,
391.8,0.00008510,,,,,,,,,,
392,0.00007991,,,,,,,,,,
392.2,0.00008889,,,,,,,,,,
392.4,0.00008357,,,,,,,,,,
392.6,0.00008238,,,,,,,,,,
392.8,0.00007680,,,,,,,,,,
393,0.00007939,,,,,,,,,,
393.2,0.00008109,,,,,,,,,,
393.4,0.00008419,,,,,,,,,,
393.6,0.00008367,,,,,,,,,,
393.8,0.00007867,,,,,,,,,,
394,0.00008361,,,,,,,,,,
394.2,0.00008857,,,,,,,,,,
394.4,0.00009128,,,,,,,,,,
394.6,0.00009466,,,,,,,,,,
394.8,0.00009702,,,,,,,,,,
395,0.00010082,,,,,,,,,,
395.2,0.00010567,,,,,,,,,,
395.4,0.00011606,,,,,,,,,,
395.6,0.00011673,,,,,,,,,,
395.8,0.00012535,,,,,,,,,,
396,0.00012802,,,,,,,,,,
396.2,0.00013501,,,,,,,,,,
396.4,0.00014206,,,,,,,,,,
396.6,0.00015175,,,,,,,,,,
396.8,0.00015299,,,,,,,,,,
397,0.00016207,,,,,,,,,,
397.2,0.00016676,,,,,,,,,,
397.4,0.00017281,,,,,,,,,,
397.6,0.00018374,,,,,,,,,,
397.8,0.00018679,,,,,,,,,,
398,0.00019051,,,,,,,,,,
398.2,0.00019734,,,,,,,,,,
398.4,0.00020809,,,,,,,,,,
398.6,0.00021639,,,,,,,,,,
398.8,0.00022304,,,,,,,,,,
399,0.00022307,,,,,,,,,,
399.2,0.00023510,,,,,,,,,,
399.4,0.00024124,,,,,,,,,,
399.6,0.00024855,,,,,,,,,,
399.8,0.00025642,,,,,,,,,,
400,0.00071899,,,,,,,,,,
400.2,0.00091037,,,,,,,,,,
400.4,0.00072832,,,,,,,,,,
400.6,0.00088172,,,,,,,,,,
400.8,0.00086771,,,,,,,,,,
401,0.00096152,,,,,,,,,,
401.2,0.00065720,,,,,,,,,,
401.4,0.00068676,,,,,,,,,,
401.6,0.00098199,,,,,,,,,,
401.8,0.00045282,,,,,,,,,,
402,0.00056286,,,,,,,,,,
402.2,0.00106910,,,,,,,,,,
402.4,0.00069638,,,,,,,,,,
402.6,0.00071357,,,,,,,,,,
402.8,0.00073583,,,,,,,,,,
403,0.00107320,,,,,,,,,,
403.2,0.00058917,,,,,,,,,,
403.4,0.00082441,,,,,,,,,,
403.6,0.00060429,,,,,,,,,,
403.8,0.00073856,,,,,,,,,,
404,0.00101270,,,,,,,,,,
404.2,0.00088694,,,,,,,,,,
404.4,0.00076626,,,,,,,,,,
404.6,0.00076901,,,,,,,,,,
404.8,0.00103890,,,,,,,,,,
405,0.00104650,,,,,,,,,,
405.2,0.00073656,,,,,,,,,,
405.4,0.00078697,,,,,,,,,,
405.6,0.00074265,,,,,,,,,,
405.8,0.00084889,,,,,,,,,,
406,0.00059405,,,,,,,,,,
406.2,0.00079183,,,,,,,,,,
406.4,0.00087047,,,,,,,,,,
406.6,0.00090118,,,,,,,,,,
406.8,0.00070649,,,,,,,,,,
407,0.00081186,,,,,,,,,,
407.2,0.00091907,,,,,,,,,,
407.4,0.00063628,,,,,,,,,,
407.6,0.00075479,,,,,,,,,,
407.8,0.00080899,,,,,,,,,,
408,0.00075390,,,,,,,,,,
408.2,0.00074768,,,,,,,,,,
408.4,0.00066334,,,,,,,,,,
408.6,0.00096689,,,,,,,,,,
408.8,0.00072854,,,,,,,,,,
409,0.00097119,,,,,,,,,,
409.2,0.00055100,,,,,,,,,,
409.4,0.00088087,,,,,,,,,,
409.6,0.00066591,,,,,,,,,,
409.8,0.00084188,,,,,,,,,,
410,0.00093431,,,,,,,,,,
410.2,0.00092214,,,,,,,,,,
410.4,0.00078943,,,,,,,,,,
410.6,0.00058811,,,,,,,,,,
410.8,0.00083033,,,,,,,,,,
411,0.00077352,,,,,,,,,,
411.2,0.00102310,,,,,,,,,,
411.4,0.00079290,,,,,,,,,,
411.6,0.00073587,,,,,,,,,,
411.8,0.00058709,,,,,,,,,,
412,0.00078408,,,,,,,,,,
412.2,0.00095956,,,,,,,,,,
412.4,0.00108170,,,,,,,,,,
412.6,0.00106510,,,,,,,,,,
412.8,0.00061491,,,,,,,,,,
413,0.00085428,,,,,,,,,,
413.2,0.00093250,,,,,,,,,,
413.4,0.00088545,,,,,,,,,,
413.6,0.00095444,,,,,,,,,,
413.8,0.00090094,,,,,,,,,,
414,0.00082585,,,,,,,,,,
414.2,0.00083473,,,,,,,,,,
414.4,0.00066695,,,,,,,,,,
414.6,0.00075599,,,,,,,,,,
414.8,0.00091579,,,,,,,,,,
415,0.00087008,,,,,,,,,,
415.2,0.00079631,,,,,,,,,,
415.4,0.00090935,,,,,,,,,,
415.6,0.00079259,,,,,,,,,,
415.8,0.00080388,,,,,,,,,,
416,0.00096818,,,,,,,,,,
416.2,0.00081810,,,,,,,,,,
416.4,0.00095866,,,,,,,,,,
416.6,0.00105530,,,,,,,,,,
416.8,0.00100230,,,,,,,,,,
417,0.00065112,,,,,,,,,,
417.2,0.00083837,,,,,,,,,,
417.4,0.00101860,,,,,,,,,,
417.6,0.00094811,,,,,,,,,,
417.8,0.00093484,,,,,,,,,,
418,0.00104730,,,,,,,,,,
418.2,0.00120860,,,,,,,,,,
418.4,0.00067796,,,,,,,,,,
418.6,0.00089421,,,,,,,,,,
418.8,0.00082829,,,,,,,,,,
419,0.00086152,,,,,,,,,,
419.2,0.00070788,,,,,,,,,,
419.4,0.00081151,,,,,,,,,,
419.6,0.00111850,,,,,,,,,,
419.8,0.00111210,,,,,,,,,,
420,0.00099076,,,,,,,,,,
420.2,0.00107960,,,,,,,,,,
420.4,0.00109570,,,,,,,,,,
420.6,0.00097210,,,,,,,,,,
420.8,0.00090693,,,,,,,,,,
421,0.00115280,,,,,,,,,,
421.2,0.00094932,,,,,,,,,,
421.4,0.00105180,,,,,,,,,,
421.6,0.00108370,,,,,,,,,,
421.8,0.00077390,,,,,,,,,,
422,0.00103100,,,,,,,,,,
422.2,0.00080297,,,,,,,,,,
422.4,0.00111510,,,,,,,,,,
422.6,0.00103470,,,,,,,,,,
422.8,0.00108860,,,,,,,,,,
423,0.00111290,,,,,,,,,,
423.2,0.00120410,,,,,,,,,,
423.4,0.00110810,,,,,,,,,,
423.6,0.00117650,,,,,,,,,,
423.8,0.00150140,,,,,,,,,,
424,0.00163180,,,,,,,,,,
424.2,0.00152580,,,,,,,,,,
424.4,0.00177880,,,,,,,,,,
424.6,0.00228490,,,,,,,,,,
424.8,0.00283940,,,,,,,,,,
425,0.00414600,,,,,,,,,,
425.2,0.01573800,,,,,,,,,,
425.4,0.02393900,,,,,,,,,,
425.6,0.03661700,,,,,,,,,,
425.8,0.05903700,,,,,,,,,,
426,0.11400000,,,,,,,,,,
426.2,0.27000000,,,,,,,,,,
426.4,0.69400000,,,,,,,,,,
426.6,1.74900000,,,,,,,,,,
426.8,4.36500000,,,,,,,,,,
427,12.31700000,,,,,,,,,,
427.2,29.46200000,,,,,,,,,,
427.4,51.59900000,,,,,,,,,,
427.6,67.33500000,,,,,,,,,,
427.8,73.86600000,,,,,,,,,,
428,73.65300000,,,,,,,,,,
428.2,75.85400000,,,,,,,,,,
428.4,76.83000000,,,,,,,,,,
428.6,78.67600000,,,,,,,,,,
428.8,81.45900000,,,,,,,,,,
429,84.27700000,,,,,,,,,,
429.2,86.81100000,,,,,,,,,,
429.4,86.39800000,,,,,,,,,,
429.6,89.88800000,,,,,,,,,,
429.8,91.15000000,,,,,,,,,,
430,92.02900000,,,,,,,,,,
430.2,92.81200000,,,,,,,,,,
430.4,93.46600000,,,,,,,,,,
430.6,93.97500000,,,,,,,,,,
430.8,91.80200000,,,,,,,,,,
431,93.68700000,,,,,,,,,,
431.2,93.58100000,,,,,,,,,,
431.4,93.34000000,,,,,,,,,,
431.6,92.95900000,,,,,,,,,,
431.8,92.84000000,,,,,,,,,,
432,92.77600000,,,,,,,,,,
432.2,91.07600000,,,,,,,,,,
432.4,92.75500000,,,,,,,,,,
432.6,92.99700000,,,,,,,,,,
432.8,93.13200000,,,,,,,,,,
433,93.13900000,,,,,,,,,,
433.2,93.02500000,,,,,,,,,,
433.4,92.92300000,,,,,,,,,,
433.6,91.51000000,,,,,,,,,,
433.8,92.62300000,,,,,,,,,,
434,92.81900000,,,,,,,,,,
434.2,93.05000000,,,,,,,,,,
434.4,93.25400000,,,,,,,,,,
434.6,93.48100000,,,,,,,,,,
434.8,93.69800000,,,,,,,,,,
435,93.87700000,,,,,,,,,,
435.2,94.16700000,,,,,,,,,,
435.4,94.17700000,,,,,,,,,,
435.6,94.30700000,,,,,,,,,,
435.8,94.30300000,,,,,,,,,,
436,94.28400000,,,,,,,,,,
436.2,94.34900000,,,,,,,,,,
436.4,94.24700000,,,,,,,,,,
436.6,94.38000000,,,,,,,,,,
436.8,94.59700000,,,,,,,,,,
437,94.58300000,,,,,,,,,,
437.2,94.72400000,,,,,,,,,,
437.4,94.91100000,,,,,,,,,,
437.6,94.90900000,,,,,,,,,,
437.8,95.06400000,,,,,,,,,,
438,94.97400000,,,,,,,,,,
438.2,94.86900000,,,,,,,,,,
438.4,94.65500000,,,,,,,,,,
438.6,94.52400000,,,,,,,,,,
438.8,94.36300000,,,,,,,,,,
439,94.14800000,,,,,,,,,,
439.2,93.95600000,,,,,,,,,,
439.4,93.83600000,,,,,,,,,,
439.6,93.79200000,,,,,,,,,,
439.8,93.84900000,,,,,,,,,,
440,93.86000000,,,,,,,,,,
440.2,94.01800000,,,,,,,,,,
440.4,94.17500000,,,,,,,,,,
440.6,94.31700000,,,,,,,,,,
440.8,94.50800000,,,,,,,,,,
441,94.63900000,,,,,,,,,,
441.2,94.80600000,,,,,,,,,,
441.4,94.74400000,,,,,,,,,,
441.6,94.79800000,,,,,,,,,,
441.8,94.76200000,,,,,,,,,,
442,94.64500000,,,,,,,,,,
442.2,94.53200000,,,,,,,,,,
442.4,94.54000000,,,,,,,,,,
442.6,94.47800000,,,,,,,,,,
442.8,94.46500000,,,,,,,,,,
443,94.50100000,,,,,,,,,,
443.2,94.63000000,,,,,,,,,,
443.4,94.57700000,,,,,,,,,,
443.6,94.61600000,,,,,,,,,,
443.8,94.66400000,,,,,,,,,,
444,94.66200000,,,,,,,,,,
444.2,94.61400000,,,,,,,,,,
444.4,94.71300000,,,,,,,,,,
444.6,94.55200000,,,,,,,,,,
444.8,94.44200000,,,,,,,,,,
445,94.34600000,,,,,,,,,,
445.2,94.10200000,,,,,,,,,,
445.4,94.06400000,,,,,,,,,,
445.6,93.91300000,,,,,,,,,,
445.8,93.90400000,,,,,,,,,,
446,93.89200000,,,,,,,,,,
446.2,93.88500000,,,,,,,,,,
446.4,93.95400000,,,,,,,,,,
446.6,94.10100000,,,,,,,,,,
446.8,94.23200000,,,,,,,,,,
447,94.24500000,,,,,,,,,,
447.2,94.42000000,,,,,,,,,,
447.4,94.57100000,,,,,,,,,,
447.6,94.54700000,,,,,,,,,,
447.8,94.57700000,,,,,,,,,,
448,94.51100000,,,,,,,,,,
448.2,94.51300000,,,,,,,,,,
448.4,94.43800000,,,,,,,,,,
448.6,94.37600000,,,,,,,,,,
448.8,94.23800000,,,,,,,,,,
449,94.22000000,,,,,,,,,,
449.2,94.26900000,,,,,,,,,,
449.4,94.26900000,,,,,,,,,,
449.6,94.38400000,,,,,,,,,,
449.8,94.46100000,,,,,,,,,,
450,94.56800000,,,,,,,,,,
450.2,94.65200000,,,,,,,,,,
450.4,94.80000000,,,,,,,,,,
450.6,94.92000000,,,,,,,,,,
450.8,94.93800000,,,,,,,,,,
451,94.95600000,,,,,,,,,,
451.2,94.92700000,,,,,,,,,,
451.4,94.89400000,,,,,,,,,,
451.6,94.85100000,,,,,,,,,,
451.8,94.81600000,,,,,,,,,,
452,94.74300000,,,,,,,,,,
452.2,94.70900000,,,,,,,,,,
452.4,94.56900000,,,,,,,,,,
452.6,94.59900000,,,,,,,,,,
452.8,94.53300000,,,,,,,,,,
453,94.51100000,,,,,,,,,,
453.2,94.62300000,,,,,,,,,,
453.4,94.60800000,,,,,,,,,,
453.6,94.67200000,,,,,,,,,,
453.8,94.66300000,,,,,,,,,,
454,94.50000000,,,,,,,,,,
454.2,94.49600000,,,,,,,,,,
454.4,94.43900000,,,,,,,,,,
454.6,94.34600000,,,,,,,,,,
454.8,94.22500000,,,,,,,,,,
455,94.02900000,,,,,,,,,,
455.2,94.02200000,,,,,,,,,,
455.4,93.89200000,,,,,,,,,,
455.6,93.87900000,,,,,,,,,,
455.8,93.84200000,,,,,,,,,,
456,93.84900000,,,,,,,,,,
456.2,94.01000000,,,,,,,,,,
456.4,94.11400000,,,,,,,,,,
456.6,94.26700000,,,,,,,,,,
456.8,94.41600000,,,,,,,,,,
457,94.58300000,,,,,,,,,,
457.2,94.61800000,,,,,,,,,,
457.4,94.77500000,,,,,,,,,,
457.6,94.81800000,,,,,,,,,,
457.8,94.85200000,,,,,,,,,,
458,94.84700000,,,,,,,,,,
458.2,94.73300000,,,,,,,,,,
458.4,94.69800000,,,,,,,,,,
458.6,94.63500000,,,,,,,,,,
458.8,94.63400000,,,,,,,,,,
459,94.59700000,,,,,,,,,,
459.2,94.64000000,,,,,,,,,,
459.4,94.62900000,,,,,,,,,,
459.6,94.74000000,,,,,,,,,,
459.8,94.79900000,,,,,,,,,,
460,94.94300000,,,,,,,,,,
460.2,95.02200000,,,,,,,,,,
460.4,95.18600000,,,,,,,,,,
460.6,95.18200000,,,,,,,,,,
460.8,95.22700000,,,,,,,,,,
461,95.16500000,,,,,,,,,,
461.2,95.12100000,,,,,,,,,,
461.4,95.03100000,,,,,,,,,,
461.6,94.97900000,,,,,,,,,,
461.8,94.82700000,,,,,,,,,,
462,94.73900000,,,,,,,,,,
462.2,94.63000000,,,,,,,,,,
462.4,94.56100000,,,,,,,,,,
462.6,94.52800000,,,,,,,,,,
462.8,94.49800000,,,,,,,,,,
463,94.63100000,,,,,,,,,,
463.2,94.70600000,,,,,,,,,,
463.4,94.82900000,,,,,,,,,,
463.6,94.97100000,,,,,,,,,,
463.8,95.11100000,,,,,,,,,,
464,95.19800000,,,,,,,,,,
464.2,95.20400000,,,,,,,,,,
464.4,95.23700000,,,,,,,,,,
464.6,95.23800000,,,,,,,,,,
464.8,95.12200000,,,,,,,,,,
465,94.93600000,,,,,,,,,,
465.2,94.64400000,,,,,,,,,,
465.4,94.48500000,,,,,,,,,,
465.6,94.24700000,,,,,,,,,,
465.8,94.04700000,,,,,,,,,,
466,93.90900000,,,,,,,,,,
466.2,93.77400000,,,,,,,,,,
466.4,93.77300000,,,,,,,,,,
466.6,93.80700000,,,,,,,,,,
466.8,93.93100000,,,,,,,,,,
467,94.12600000,,,,,,,,,,
467.2,94.31500000,,,,,,,,,,
467.4,94.56500000,,,,,,,,,,
467.6,94.77600000,,,,,,,,,,
467.8,95.04500000,,,,,,,,,,
468,95.16600000,,,,,,,,,,
468.2,95.28700000,,,,,,,,,,
468.4,95.30000000,,,,,,,,,,
468.6,95.30400000,,,,,,,,,,
468.8,95.26500000,,,,,,,,,,
469,95.15800000,,,,,,,,,,
469.2,94.94600000,,,,,,,,,,
469.4,94.89400000,,,,,,,,,,
469.6,94.75500000,,,,,,,,,,
469.8,94.59400000,,,,,,,,,,
470,94.49500000,,,,,,,,,,
470.2,94.49200000,,,,,,,,,,
470.4,94.38400000,,,,,,,,,,
470.6,94.39500000,,,,,,,,,,
470.8,94.49300000,,,,,,,,,,
471,94.49400000,,,,,,,,,,
471.2,94.62200000,,,,,,,,,,
471.4,94.72900000,,,,,,,,,,
471.6,94.79100000,,,,,,,,,,
471.8,94.87800000,,,,,,,,,,
472,94.85700000,,,,,,,,,,
472.2,94.84200000,,,,,,,,,,
472.4,94.78700000,,,,,,,,,,
472.6,94.71400000,,,,,,,,,,
472.8,94.62400000,,,,,,,,,,
473,94.49800000,,,,,,,,,,
473.2,94.44000000,,,,,,,,,,
473.4,94.33500000,,,,,,,,,,
473.6,94.33900000,,,,,,,,,,
473.8,94.30800000,,,,,,,,,,
474,94.30500000,,,,,,,,,,
474.2,94.27500000,,,,,,,,,,
474.4,94.28100000,,,,,,,,,,
474.6,94.36100000,,,,,,,,,,
474.8,94.45400000,,,,,,,,,,
475,94.51800000,,,,,,,,,,
475.2,94.57100000,,,,,,,,,,
475.4,94.57200000,,,,,,,,,,
475.6,94.56900000,,,,,,,,,,
475.8,94.63500000,,,,,,,,,,
476,94.60500000,,,,,,,,,,
476.2,94.62700000,,,,,,,,,,
476.4,94.58900000,,,,,,,,,,
476.6,94.54100000,,,,,,,,,,
476.8,94.57600000,,,,,,,,,,
477,94.61100000,,,,,,,,,,
477.2,94.62400000,,,,,,,,,,
477.4,94.80100000,,,,,,,,,,
477.6,94.88600000,,,,,,,,,,
477.8,94.96200000,,,,,,,,,,
478,95.09400000,,,,,,,,,,
478.2,95.20100000,,,,,,,,,,
478.4,95.31500000,,,,,,,,,,
478.6,95.48000000,,,,,,,,,,
478.8,95.56800000,,,,,,,,,,
479,95.52700000,,,,,,,,,,
479.2,95.53700000,,,,,,,,,,
479.4,95.50500000,,,,,,,,,,
479.6,95.39700000,,,,,,,,,,
479.8,95.35600000,,,,,,,,,,
480,95.21600000,,,,,,,,,,
480.2,95.12100000,,,,,,,,,,
480.4,94.96000000,,,,,,,,,,
480.6,94.84400000,,,,,,,,,,
480.8,94.65400000,,,,,,,,,,
481,94.58400000,,,,,,,,,,
481.2,94.41000000,,,,,,,,,,
481.4,94.36100000,,,,,,,,,,
481.6,94.26700000,,,,,,,,,,
481.8,94.22200000,,,,,,,,,,
482,94.17300000,,,,,,,,,,
482.2,94.08700000,,,,,,,,,,
482.4,94.10700000,,,,,,,,,,
482.6,94.05900000,,,,,,,,,,
482.8,94.13400000,,,,,,,,,,
483,94.10100000,,,,,,,,,,
483.2,94.18300000,,,,,,,,,,
483.4,94.33000000,,,,,,,,,,
483.6,94.36500000,,,,,,,,,,
483.8,94.44900000,,,,,,,,,,
484,94.54200000,,,,,,,,,,
484.2,94.52500000,,,,,,,,,,
484.4,94.73000000,,,,,,,,,,
484.6,94.65600000,,,,,,,,,,
484.8,94.73900000,,,,,,,,,,
485,94.62600000,,,,,,,,,,
485.2,94.58100000,,,,,,,,,,
485.4,94.65200000,,,,,,,,,,
485.6,94.66300000,,,,,,,,,,
485.8,94.60700000,,,,,,,,,,
486,94.68800000,,,,,,,,,,
486.2,94.70800000,,,,,,,,,,
486.4,94.74800000,,,,,,,,,,
486.6,94.79400000,,,,,,,,,,
486.8,94.84000000,,,,,,,,,,
487,94.88100000,,,,,,,,,,
487.2,94.88500000,,,,,,,,,,
487.4,94.97000000,,,,,,,,,,
487.6,94.89200000,,,,,,,,,,
487.8,94.87900000,,,,,,,,,,
488,94.97900000,,,,,,,,,,
488.2,94.86900000,,,,,,,,,,
488.4,94.80600000,,,,,,,,,,
488.6,94.60800000,,,,,,,,,,
488.8,94.13000000,,,,,,,,,,
489,93.20900000,,,,,,,,,,
489.2,91.74000000,,,,,,,,,,
489.4,89.68300000,,,,,,,,,,
489.6,87.18800000,,,,,,,,,,
489.8,84.61700000,,,,,,,,,,
490,82.20100000,,,,,,,,,,
490.2,80.65900000,,,,,,,,,,
490.4,80.55200000,,,,,,,,,,
490.6,82.49400000,,,,,,,,,,
490.8,86.54600000,,,,,,,,,,
491,90.23400000,,,,,,,,,,
491.2,86.67300000,,,,,,,,,,
491.4,69.80500000,,,,,,,,,,
491.6,44.92900000,,,,,,,,,,
491.8,25.02800000,,,,,,,,,,
492,13.30700000,,,,,,,,,,
492.2,6.84000000,,,,,,,,,,
492.4,3.80100000,,,,,,,,,,
492.6,2.20900000,,,,,,,,,,
492.8,1.34200000,,,,,,,,,,
493,0.84500000,,,,,,,,,,
493.2,0.55700000,,,,,,,,,,
493.4,0.37400000,,,,,,,,,,
493.6,0.22600000,,,,,,,,,,
493.8,0.15700000,,,,,,,,,,
494,0.11000000,,,,,,,,,,
494.2,0.07906100,,,,,,,,,,
494.4,0.05801500,,,,,,,,,,
494.6,0.04315900,,,,,,,,,,
494.8,0.03245200,,,,,,,,,,
495,0.02413700,,,,,,,,,,
495.2,0.01850800,,,,,,,,,,
495.4,0.01449900,,,,,,,,,,
495.6,0.01151000,,,,,,,,,,
495.8,0.00921310,,,,,,,,,,
496,0.00749320,,,,,,,,,,
496.2,0.00610820,,,,,,,,,,
496.4,0.00496820,,,,,,,,,,
496.6,0.00414150,,,,,,,,,,
496.8,0.00353660,,,,,,,,,,
497,0.00300120,,,,,,,,,,
497.2,0.00261710,,,,,,,,,,
497.4,0.00225450,,,,,,,,,,
497.6,0.00194730,,,,,,,,,,
497.8,0.00169690,,,,,,,,,,
498,0.00150200,,,,,,,,,,
498.2,0.00136080,,,,,,,,,,
498.4,0.00121470,,,,,,,,,,
498.6,0.00112130,,,,,,,,,,
498.8,0.00098952,,,,,,,,,,
499,0.00086090,,,,,,,,,,
499.2,0.00077704,,,,,,,,,,
499.4,0.00070764,,,,,,,,,,
499.6,0.00063574,,,,,,,,,,
499.8,0.00053273,,,,,,,,,,
500,0.00046521,,,,,,,,,,
500.2,0.00040541,,,,,,,,,,
500.4,0.00034946,,,,,,,,,,
500.6,0.00029754,,,,,,,,,,
500.8,0.00023584,,,,,,,,,,
501,0.00018516,,,,,,,,,,
501.2,0.00016484,,,,,,,,,,
501.4,0.00013732,,,,,,,,,,
501.6,0.00011021,,,,,,,,,,
501.8,0.00009021,,,,,,,,,,
502,0.00008256,,,,,,,,,,
502.2,0.00006678,,,,,,,,,,
502.4,0.00005065,,,,,,,,,,
502.6,0.00004599,,,,,,,,,,
502.8,0.00004114,,,,,,,,,,
503,0.00003689,,,,,,,,,,
503.2,0.00003487,,,,,,,,,,
503.4,0.00002761,,,,,,,,,,
503.6,0.00002485,,,,,,,,,,
503.8,0.00003028,,,,,,,,,,
504,0.00003170,,,,,,,,,,
504.2,0.00002294,,,,,,,,,,
504.4,0.00001079,,,,,,,,,,
504.6,0.00000360,,,,,,,,,,
504.8,0.00001406,,,,,,,,,,
505,0.00000600,,,,,,,,,,
505.2,0.00000948,,,,,,,,,,
505.4,0.00001304,,,,,,,,,,
505.6,0.00001437,,,,,,,,,,
505.8,0.00001461,,,,,,,,,,
506,0.00000767,,,,,,,,,,
506.2,0.00000629,,,,,,,,,,
506.4,0.00000667,,,,,,,,,,
506.6,0.00001272,,,,,,,,,,
506.8,0.00001331,,,,,,,,,,
507,0.00000835,,,,,,,,,,
507.2,0.00000825,,,,,,,,,,
507.4,0.00000230,,,,,,,,,,
507.6,0.00000489,,,,,,,,,,
507.8,0.00000260,,,,,,,,,,
508,0.00000238,,,,,,,,,,
508.2,0.00000412,,,,,,,,,,
508.4,0.00000620,,,,,,,,,,
508.6,0.00000492,,,,,,,,,,
508.8,0.00000593,,,,,,,,,,
509,0.00000754,,,,,,,,,,
509.2,0.00001078,,,,,,,,,,
509.4,0.00000476,,,,,,,,,,
509.6,0.00000232,,,,,,,,,,
509.8,0.00000655,,,,,,,,,,
510,0.00000901,,,,,,,,,,
510.2,0.00000610,,,,,,,,,,
510.4,0.00000457,,,,,,,,,,
510.6,0.00000592,,,,,,,,,,
510.8,0.00000549,,,,,,,,,,
511,0.00000342,,,,,,,,,,
511.2,0.00000470,,,,,,,,,,
511.4,0.00000470,,,,,,,,,,
511.6,0.00000628,,,,,,,,,,
511.8,0.00000588,,,,,,,,,,
512,0.00000604,,,,,,,,,,
512.2,0.00000979,,,,,,,,,,
512.4,0.00000783,,,,,,,,,,
512.6,0.00000167,,,,,,,,,,
512.8,0.00000152,,,,,,,,,,
513,0.00000152,,,,,,,,,,
513.2,0.00000316,,,,,,,,,,
513.4,0.00000904,,,,,,,,,,
513.6,0.00000794,,,,,,,,,,
513.8,0.00000635,,,,,,,,,,
514,0.00000875,,,,,,,,,,
514.2,0.00000414,,,,,,,,,,
514.4,0.00000427,,,,,,,,,,
514.6,0.00000793,,,,,,,,,,
514.8,0.00001305,,,,,,,,,,
515,0.00001200,,,,,,,,,,
515.2,0.00000883,,,,,,,,,,
515.4,0.00000762,,,,,,,,,,
515.6,0.00000253,,,,,,,,,,
515.8,0.00000282,,,,,,,,,,
516,0.00000595,,,,,,,,,,
516.2,0.00000390,,,,,,,,,,
516.4,0.00000194,,,,,,,,,,
516.6,0.00000452,,,,,,,,,,
516.8,0.00000779,,,,,,,,,,
517,0.00000666,,,,,,,,,,
517.2,0.00000314,,,,,,,,,,
517.4,0.00000176,,,,,,,,,,
517.6,0.00000359,,,,,,,,,,
517.8,0.00000417,,,,,,,,,,
518,0.00000143,,,,,,,,,,
518.2,0.00000512,,,,,,,,,,
518.4,0.00000266,,,,,,,,,,
518.6,0.00000282,,,,,,,,,,
518.8,0.00000778,,,,,,,,,,
519,0.00000651,,,,,,,,,,
519.2,0.00000683,,,,,,,,,,
519.4,0.00000285,,,,,,,,,,
519.6,0.00000163,,,,,,,,,,
519.8,0.00000205,,,,,,,,,,
520,0.00000216,,,,,,,,,,
520.2,0.00000176,,,,,,,,,,
520.4,0.00000515,,,,,,,,,,
520.6,0.00000447,,,,,,,,,,
520.8,0.00000148,,,,,,,,,,
521,0.00000137,,,,,,,,,,
521.2,0.00000197,,,,,,,,,,
521.4,0.00000341,,,,,,,,,,
521.6,0.00000560,,,,,,,,,,
521.8,0.00000696,,,,,,,,,,
522,0.00000781,,,,,,,,,,
522.2,0.00000563,,,,,,,,,,
522.4,0.00000439,,,,,,,,,,
522.6,0.00000239,,,,,,,,,,
522.8,0.00000157,,,,,,,,,,
523,0.00000276,,,,,,,,,,
523.2,0.00000602,,,,,,,,,,
523.4,0.00000832,,,,,,,,,,
523.6,0.00000177,,,,,,,,,,
523.8,0.00000724,,,,,,,,,,
524,0.00002374,,,,,,,,,,
524.2,0.00003881,,,,,,,,,,
524.4,0.00008591,,,,,,,,,,
524.6,0.00013398,,,,,,,,,,
524.8,0.00011706,,,,,,,,,,
525,0.00005298,,,,,,,,,,
525.2,0.00002774,,,,,,,,,,
525.4,0.00001943,,,,,,,,,,
525.6,0.00001416,,,,,,,,,,
525.8,0.00000523,,,,,,,,,,
526,0.00000949,,,,,,,,,,
526.2,0.00001137,,,,,,,,,,
526.4,0.00000722,,,,,,,,,,
526.6,0.00000253,,,,,,,,,,
526.8,0.00000240,,,,,,,,,,
527,0.00000731,,,,,,,,,,
527.2,0.00000631,,,,,,,,,,
527.4,0.00000683,,,,,,,,,,
527.6,0.00000626,,,,,,,,,,
527.8,0.00000524,,,,,,,,,,
528,0.00000423,,,,,,,,,,
528.2,0.00000407,,,,,,,,,,
528.4,0.00000474,,,,,,,,,,
528.6,0.00000377,,,,,,,,,,
528.8,0.00000164,,,,,,,,,,
529,0.00000125,,,,,,,,,,
529.2,0.00000483,,,,,,,,,,
529.4,0.00000456,,,,,,,,,,
529.6,0.00000319,,,,,,,,,,
529.8,0.00000627,,,,,,,,,,
530,0.00000818,,,,,,,,,,
530.2,0.00000764,,,,,,,,,,
530.4,0.00000827,,,,,,,,,,
530.6,0.00000380,,,,,,,,,,
530.8,0.00000483,,,,,,,,,,
531,0.00001070,,,,,,,,,,
531.2,0.00000723,,,,,,,,,,
531.4,0.00000907,,,,,,,,,,
531.6,0.00000484,,,,,,,,,,
531.8,0.00000158,,,,,,,,,,
532,0.00000118,,,,,,,,,,
532.2,0.00000118,,,,,,,,,,
532.4,0.00000161,,,,,,,,,,
532.6,0.00000575,,,,,,,,,,
532.8,0.00000166,,,,,,,,,,
533,0.00000255,,,,,,,,,,
533.2,0.00000161,,,,,,,,,,
533.4,0.00000117,,,,,,,,,,
533.6,0.00000222,,,,,,,,,,
533.8,0.00000527,,,,,,,,,,
534,0.00000127,,,,,,,,,,
534.2,0.00000384,,,,,,,,,,
534.4,0.00000246,,,,,,,,,,
534.6,0.00000129,,,,,,,,,,
534.8,0.00000207,,,,,,,,,,
535,0.00000242,,,,,,,,,,
535.2,0.00000141,,,,,,,,,,
535.4,0.00000505,,,,,,,,,,
535.6,0.00000184,,,,,,,,,,
535.8,0.00000254,,,,,,,,,,
536,0.00000625,,,,,,,,,,
536.2,0.00000609,,,,,,,,,,
536.4,0.00000458,,,,,,,,,,
536.6,0.00000405,,,,,,,,,,
536.8,0.00000134,,,,,,,,,,
537,0.00000182,,,,,,,,,,
537.2,0.00000276,,,,,,,,,,
537.4,0.00000490,,,,,,,,,,
537.6,0.00000562,,,,,,,,,,
537.8,0.00000450,,,,,,,,,,
538,0.00000458,,,,,,,,,,
538.2,0.00000630,,,,,,,,,,
538.4,0.00000213,,,,,,,,,,
538.6,0.00000186,,,,,,,,,,
538.8,0.00000178,,,,,,,,,,
539,0.00000270,,,,,,,,,,
539.2,0.00000559,,,,,,,,,,
539.4,0.00000111,,,,,,,,,,
539.6,0.00000111,,,,,,,,,,
539.8,0.00000256,,,,,,,,,,
540,0.00000298,,,,,,,,,,
540.2,0.00000206,,,,,,,,,,
540.4,0.00000290,,,,,,,,,,
540.6,0.00000390,,,,,,,,,,
540.8,0.00000224,,,,,,,,,,
541,0.00000828,,,,,,,,,,
541.2,0.00000940,,,,,,,,,,
541.4,0.00000795,,,,,,,,,,
541.6,0.00000635,,,,,,,,,,
541.8,0.00000440,,,,,,,,,,
542,0.00000493,,,,,,,,,,
542.2,0.00000939,,,,,,,,,,
542.4,0.00001215,,,,,,,,,,
542.6,0.00001713,,,,,,,,,,
542.8,0.00002597,,,,,,,,,,
543,0.00003911,,,,,,,,,,
543.2,0.00006183,,,,,,,,,,
543.4,0.00011164,,,,,,,,,,
543.6,0.00017110,,,,,,,,,,
543.8,0.00021080,,,,,,,,,,
544,0.00020419,,,,,,,,,,
544.2,0.00017294,,,,,,,,,,
544.4,0.00014268,,,,,,,,,,
544.6,0.00011249,,,,,,,,,,
544.8,0.00009076,,,,,,,,,,
545,0.00007613,,,,,,,,,,
545.2,0.00006433,,,,,,,,,,
545.4,0.00005736,,,,,,,,,,
545.6,0.00005282,,,,,,,,,,
545.8,0.00004959,,,,,,,,,,
546,0.00005184,,,,,,,,,,
546.2,0.00005342,,,,,,,,,,
546.4,0.00005340,,,,,,,,,,
546.6,0.00005599,,,,,,,,,,
546.8,0.00005447,,,,,,,,,,
547,0.00005136,,,,,,,,,,
547.2,0.00005524,,,,,,,,,,
547.4,0.00005520,,,,,,,,,,
547.6,0.00005432,,,,,,,,,,
547.8,0.00005172,,,,,,,,,,
548,0.00005096,,,,,,,,,,
548.2,0.00005009,,,,,,,,,,
548.4,0.00004679,,,,,,,,,,
548.6,0.00003875,,,,,,,,,,
548.8,0.00003364,,,,,,,,,,
549,0.00003275,,,,,,,,,,
549.2,0.00003029,,,,,,,,,,
549.4,0.00002714,,,,,,,,,,
549.6,0.00002452,,,,,,,,,,
549.8,0.00002293,,,,,,,,,,
550,0.00002170,,,,,,,,,,
550.2,0.00002109,,,,,,,,,,
550.4,0.00002188,,,,,,,,,,
550.6,0.00002412,,,,,,,,,,
550.8,0.00002126,,,,,,,,,,
551,0.00001689,,,,,,,,,,
551.2,0.00001460,,,,,,,,,,
551.4,0.00001349,,,,,,,,,,
551.6,0.00001250,,,,,,,,,,
551.8,0.00001082,,,,,,,,,,
552,0.00001368,,,,,,,,,,
552.2,0.00001751,,,,,,,,,,
552.4,0.00001715,,,,,,,,,,
552.6,0.00001056,,,,,,,,,,
552.8,0.00001164,,,,,,,,,,
553,0.00000947,,,,,,,,,,
553.2,0.00001267,,,,,,,,,,
553.4,0.00001596,,,,,,,,,,
553.6,0.00001688,,,,,,,,,,
553.8,0.00001618,,,,,,,,,,
554,0.00001869,,,,,,,,,,
554.2,0.00001906,,,,,,,,,,
554.4,0.00002165,,,,,,,,,,
554.6,0.00003062,,,,,,,,,,
554.8,0.00003233,,,,,,,,,,
555,0.00003326,,,,,,,,,,
555.2,0.00003847,,,,,,,,,,
555.4,0.00004086,,,,,,,,,,
555.6,0.00004336,,,,,,,,,,
555.8,0.00005657,,,,,,,,,,
556,0.00006321,,,,,,,,,,
556.2,0.00007670,,,,,,,,,,
556.4,0.00008883,,,,,,,,,,
556.6,0.00008911,,,,,,,,,,
556.8,0.00011007,,,,,,,,,,
557,0.00012180,,,,,,,,,,
557.2,0.00013052,,,,,,,,,,
557.4,0.00013798,,,,,,,,,,
557.6,0.00013918,,,,,,,,,,
557.8,0.00013766,,,,,,,,,,
558,0.00013834,,,,,,,,,,
558.2,0.00014329,,,,,,,,,,
558.4,0.00012849,,,,,,,,,,
558.6,0.00012101,,,,,,,,,,
558.8,0.00011697,,,,,,,,,,
559,0.00011268,,,,,,,,,,
559.2,0.00011411,,,,,,,,,,
559.4,0.00012850,,,,,,,,,,
559.6,0.00011633,,,,,,,,,,
559.8,0.00012000,,,,,,,,,,
560,0.00011833,,,,,,,,,,
560.2,0.00011760,,,,,,,,,,
560.4,0.00012055,,,,,,,,,,
560.6,0.00012357,,,,,,,,,,
560.8,0.00012667,,,,,,,,,,
561,0.00012984,,,,,,,,,,
561.2,0.00013310,,,,,,,,,,
561.4,0.00013643,,,,,,,,,,
561.6,0.00013985,,,,,,,,,,
561.8,0.00014336,,,,,,,,,,
562,0.00014695,,,,,,,,,,
562.2,0.00015063,,,,,,,,,,
562.4,0.00015441,,,,,,,,,,
562.6,0.00015053,,,,,,,,,,
562.8,0.00014162,,,,,,,,,,
563,0.00013324,,,,,,,,,,
563.2,0.00012536,,,,,,,,,,
563.4,0.00011794,,,,,,,,,,
563.6,0.00011096,,,,,,,,,,
563.8,0.00010439,,,,,,,,,,
564,0.00009821,,,,,,,,,,
564.2,0.00009240,,,,,,,,,,
564.4,0.00008693,,,,,,,,,,
564.6,0.00008178,,,,,,,,,,
564.8,0.00007694,,,,,,,,,,
565,0.00007525,,,,,,,,,,
565.2,0.00007732,,,,,,,,,,
565.4,0.00007945,,,,,,,,,,
565.6,0.00008164,,,,,,,,,,
565.8,0.00008389,,,,,,,,,,
566,0.00008619,,,,,,,,,,
566.2,0.00008857,,,,,,,,,,
566.4,0.00009100,,,,,,,,,,
566.6,0.00009351,,,,,,,,,,
566.8,0.00009608,,,,,,,,,,
567,0.00009873,,,,,,,,,,
567.2,0.00010144,,,,,,,,,,
567.4,0.00010406,,,,,,,,,,
567.6,0.00010630,,,,,,,,,,
567.8,0.00010859,,,,,,,,,,
568,0.00011093,,,,,,,,,,
568.2,0.00011332,,,,,,,,,,
568.4,0.00011576,,,,,,,,,,
568.6,0.00011825,,,,,,,,,,
568.8,0.00012080,,,,,,,,,,
569,0.00012340,,,,,,,,,,
569.2,0.00012606,,,,,,,,,,
569.4,0.00012878,,,,,,,,,,
569.6,0.00013155,,,,,,,,,,
569.8,0.00013439,,,,,,,,,,
570,0.00012882,,,,,,,,,,
570.2,0.00011407,,,,,,,,,,
570.4,0.00010101,,,,,,,,,,
570.6,0.00008945,,,,,,,,,,
570.8,0.00007921,,,,,,,,,,
571,0.00007014,,,,,,,,,,
571.2,0.00006211,,,,,,,,,,
571.4,0.00005500,,,,,,,,,,
571.6,0.00004870,,,,,,,,,,
571.8,0.00004312,,,,,,,,,,
572,0.00003819,,,,,,,,,,
572.2,0.00003381,,,,,,,,,,
572.4,0.00002994,,,,,,,,,,
572.6,0.00002777,,,,,,,,,,
572.8,0.00002661,,,,,,,,,,
573,0.00002551,,,,,,,,,,
573.2,0.00002445,,,,,,,,,,
573.4,0.00002343,,,,,,,,,,
573.6,0.00002246,,,,,,,,,,
573.8,0.00002152,,,,,,,,,,
574,0.00002063,,,,,,,,,,
574.2,0.00001977,,,,,,,,,,
574.4,0.00001895,,,,,,,,,,
574.6,0.00001816,,,,,,,,,,
574.8,0.00001740,,,,,,,,,,
575,0.00001705,,,,,,,,,,
575.2,0.00001717,,,,,,,,,,
575.4,0.00001728,,,,,,,,,,
575.6,0.00001740,,,,,,,,,,
575.8,0.00001752,,,,,,,,,,
576,0.00001764,,,,,,,,,,
576.2,0.00001776,,,,,,,,,,
576.4,0.00001788,,,,,,,,,,
576.6,0.00001800,,,,,,,,,,
576.8,0.00001812,,,,,,,,,,
577,0.00001824,,,,,,,,,,
577.2,0.00001837,,,,,,,,,,
577.4,0.00001898,,,,,,,,,,
577.6,0.00002078,,,,,,,,,,
577.8,0.00002274,,,,,,,,,,
578,0.00002490,,,,,,,,,,
578.2,0.00002726,,,,,,,,,,
578.4,0.00002984,,,,,,,,,,
578.6,0.00003267,,,,,,,,,,
578.8,0.00003576,,,,,,,,,,
579,0.00003915,,,,,,,,,,
579.2,0.00004286,,,,,,,,,,
579.4,0.00004692,,,,,,,,,,
579.6,0.00005137,,,,,,,,,,
579.8,0.00005623,,,,,,,,,,
580,0.00006175,,,,,,,,,,
580.2,0.00006806,,,,,,,,,,
580.4,0.00007501,,,,,,,,,,
580.6,0.00008267,,,,,,,,,,
580.8,0.00009111,,,,,,,,,,
581,0.00010042,,,,,,,,,,
581.2,0.00011067,,,,,,,,,,
581.4,0.00012198,,,,,,,,,,
581.6,0.00013444,,,,,,,,,,
581.8,0.00014817,,,,,,,,,,
582,0.00016330,,,,,,,,,,
582.2,0.00017998,,,,,,,,,,
582.4,0.00019837,,,,,,,,,,
582.6,0.00020174,,,,,,,,,,
582.8,0.00019424,,,,,,,,,,
583,0.00018703,,,,,,,,,,
583.2,0.00018008,,,,,,,,,,
583.4,0.00017339,,,,,,,,,,
583.6,0.00016694,,,,,,,,,,
583.8,0.00016074,,,,,,,,,,
584,0.00015477,,,,,,,,,,
584.2,0.00014902,,,,,,,,,,
584.4,0.00014348,,,,,,,,,,
584.6,0.00013815,,,,,,,,,,
584.8,0.00013301,,,,,,,,,,
585,0.00012527,,,,,,,,,,
585.2,0.00011494,,,,,,,,,,
585.4,0.00010547,,,,,,,,,,
585.6,0.00009678,,,,,,,,,,
585.8,0.00008881,,,,,,,,,,
586,0.00008149,,,,,,,,,,
586.2,0.00007477,,,,,,,,,,
586.4,0.00006861,,,,,,,,,,
586.6,0.00006296,,,,,,,,,,
586.8,0.00005777,,,,,,,,,,
587,0.00005301,,,,,,,,,,
587.2,0.00004864,,,,,,,,,,
587.4,0.00004514,,,,,,,,,,
587.6,0.00004286,,,,,,,,,,
587.8,0.00004070,,,,,,,,,,
588,0.00003864,,,,,,,,,,
588.2,0.00003669,,,,,,,,,,
588.4,0.00003483,,,,,,,,,,
588.6,0.00003307,,,,,,,,,,
588.8,0.00003140,,,,,,,,,,
589,0.00002981,,,,,,,,,,
589.2,0.00002831,,,,,,,,,,
589.4,0.00002687,,,,,,,,,,
589.6,0.00002552,,,,,,,,,,
589.8,0.00002423,,,,,,,,,,
590,0.00002369,,,,,,,,,,
590.2,0.00002397,,,,,,,,,,
590.4,0.00002425,,,,,,,,,,
590.6,0.00002454,,,,,,,,,,
590.8,0.00002482,,,,,,,,,,
591,0.00002512,,,,,,,,,,
591.2,0.00002541,,,,,,,,,,
591.4,0.00002571,,,,,,,,,,
591.6,0.00002601,,,,,,,,,,
591.8,0.00002632,,,,,,,,,,
592,0.00002663,,,,,,,,,,
592.2,0.00002694,,,,,,,,,,
592.4,0.00002726,,,,,,,,,,
592.6,0.00002825,,,,,,,,,,
592.8,0.00002976,,,,,,,,,,
593,0.00003136,,,,,,,,,,
593.2,0.00003305,,,,,,,,,,
593.4,0.00003482,,,,,,,,,,
593.6,0.00003669,,,,,,,,,,
593.8,0.00003866,,,,,,,,,,
594,0.00004074,,,,,,,,,,
594.2,0.00004293,,,,,,,,,,
594.4,0.00004523,,,,,,,,,,
594.6,0.00004766,,,,,,,,,,
594.8,0.00005022,,,,,,,,,,
595,0.00005309,,,,,,,,,,
595.2,0.00005632,,,,,,,,,,
595.4,0.00005975,,,,,,,,,,
595.6,0.00006339,,,,,,,,,,
595.8,0.00006725,,,,,,,,,,
596,0.00007134,,,,,,,,,,
596.2,0.00007569,,,,,,,,,,
596.4,0.00008030,,,,,,,,,,
596.6,0.00008519,,,,,,,,,,
596.8,0.00009038,,,,,,,,,,
597,0.00009588,,,,,,,,,,
597.2,0.00010172,,,,,,,,,,
597.4,0.00010663,,,,,,,,,,
597.6,0.00010927,,,,,,,,,,
597.8,0.00011198,,,,,,,,,,
598,0.00011475,,,,,,,,,,
598.2,0.00011759,,,,,,,,,,
598.4,0.00012050,,,,,,,,,,
598.6,0.00012349,,,,,,,,,,
598.8,0.00012655,,,,,,,,,,
599,0.00012968,,,,,,,,,,
599.2,0.00013289,,,,,,,,,,
599.4,0.00013618,,,,,,,,,,
599.6,0.00013955,,,,,,,,,,
599.8,0.00014301,,,,,,,,,,
600,0.00014352,,,,,,,,,,
600.2,0.00014039,,,,,,,,,,
600.4,0.00013732,,,,,,,,,,
600.6,0.00013433,,,,,,,,,,
600.8,0.00013140,,,,,,,,,,
601,0.00012853,,,,,,,,,,
601.2,0.00012573,,,,,,,,,,
601.4,0.00012298,,,,,,,,,,
601.6,0.00012030,,,,,,,,,,
601.8,0.00011767,,,,,,,,,,
602,0.00011511,,,,,,,,,,
602.2,0.00011260,,,,,,,,,,
602.4,0.00011014,,,,,,,,,,
602.6,0.00010771,,,,,,,,,,
602.8,0.00010531,,,,,,,,,,
603,0.00010297,,,,,,,,,,
603.2,0.00010067,,,,,,,,,,
603.4,0.00009843,,,,,,,,,,
603.6,0.00009624,,,,,,,,,,
603.8,0.00009410,,,,,,,,,,
604,0.00009200,,,,,,,,,,
604.2,0.00008996,,,,,,,,,,
604.4,0.00008795,,,,,,,,,,
604.6,0.00008600,,,,,,,,,,
604.8,0.00008408,,,,,,,,,,
605,0.00008328,,,,,,,,,,
605.2,0.00008392,,,,,,,,,,
605.4,0.00008456,,,,,,,,,,
605.6,0.00008521,,,,,,,,,,
605.8,0.00008587,,,,,,,,,,
606,0.00008652,,,,,,,,,,
606.2,0.00008719,,,,,,,,,,
606.4,0.00008786,,,,,,,,,,
606.6,0.00008853,,,,,,,,,,
606.8,0.00008921,,,,,,,,,,
607,0.00008989,,,,,,,,,,
607.2,0.00009058,,,,,,,,,,
607.4,0.00009160,,,,,,,,,,
607.6,0.00009335,,,,,,,,,,
607.8,0.00009513,,,,,,,,,,
608,0.00009694,,,,,,,,,,
608.2,0.00009879,,,,,,,,,,
608.4,0.00010067,,,,,,,,,,
608.6,0.00010259,,,,,,,,,,
608.8,0.00010454,,,,,,,,,,
609,0.00010653,,,,,,,,,,
609.2,0.00010856,,,,,,,,,,
609.4,0.00011063,,,,,,,,,,
609.6,0.00011274,,,,,,,,,,
609.8,0.00011489,,,,,,,,,,
610,0.00011389,,,,,,,,,,
610.2,0.00010894,,,,,,,,,,
610.4,0.00010420,,,,,,,,,,
610.6,0.00009967,,,,,,,,,,
610.8,0.00009534,,,,,,,,,,
611,0.00009119,,,,,,,,,,
611.2,0.00008723,,,,,,,,,,
611.4,0.00008343,,,,,,,,,,
611.6,0.00007980,,,,,,,,,,
611.8,0.00007633,,,,,,,,,,
612,0.00007301,,,,,,,,,,
612.2,0.00006984,,,,,,,,,,
612.4,0.00006680,,,,,,,,,,
612.6,0.00006374,,,,,,,,,,
612.8,0.00006070,,,,,,,,,,
613,0.00005781,,,,,,,,,,
613.2,0.00005505,,,,,,,,,,
613.4,0.00005243,,,,,,,,,,
613.6,0.00004993,,,,,,,,,,
613.8,0.00004755,,,,,,,,,,
614,0.00004528,,,,,,,,,,
614.2,0.00004312,,,,,,,,,,
614.4,0.00004107,,,,,,,,,,
614.6,0.00003911,,,,,,,,,,
614.8,0.00003725,,,,,,,,,,
615,0.00003619,,,,,,,,,,
615.2,0.00003606,,,,,,,,,,
615.4,0.00003594,,,,,,,,,,
615.6,0.00003581,,,,,,,,,,
615.8,0.00003569,,,,,,,,,,
616,0.00003557,,,,,,,,,,
616.2,0.00003545,,,,,,,,,,
616.4,0.00003532,,,,,,,,,,
616.6,0.00003520,,,,,,,,,,
616.8,0.00003508,,,,,,,,,,
617,0.00003496,,,,,,,,,,
617.2,0.00003484,,,,,,,,,,
617.4,0.00003506,,,,,,,,,,
617.6,0.00003597,,,,,,,,,,
617.8,0.00003690,,,,,,,,,,
618,0.00003786,,,,,,,,,,
618.2,0.00003884,,,,,,,,,,
618.4,0.00003985,,,,,,,,,,
618.6,0.00004088,,,,,,,,,,
618.8,0.00004194,,,,,,,,,,
619,0.00004303,,,,,,,,,,
619.2,0.00004414,,,,,,,,,,
619.4,0.00004529,,,,,,,,,,
619.6,0.00004646,,,,,,,,,,
619.8,0.00004766,,,,,,,,,,
620,0.00004951,,,,,,,,,,
620.2,0.00005220,,,,,,,,,,
620.4,0.00005504,,,,,,,,,,
620.6,0.00005803,,,,,,,,,,
620.8,0.00006118,,,,,,,,,,
621,0.00006451,,,,,,,,,,
621.2,0.00006802,,,,,,,,,,
621.4,0.00007172,,,,,,,,,,
621.6,0.00007562,,,,,,,,,,
621.8,0.00007973,,,,,,,,,,
622,0.00008407,,,,,,,,,,
622.2,0.00008864,,,,,,,,,,
622.4,0.00009346,,,,,,,,,,
622.6,0.00009684,,,,,,,,,,
622.8,0.00009899,,,,,,,,,,
623,0.00010119,,,,,,,,,,
623.2,0.00010343,,,,,,,,,,
623.4,0.00010573,,,,,,,,,,
623.6,0.00010807,,,,,,,,,,
623.8,0.00011047,,,,,,,,,,
624,0.00011292,,,,,,,,,,
624.2,0.00011542,,,,,,,,,,
624.4,0.00011798,,,,,,,,,,
624.6,0.00012060,,,,,,,,,,
624.8,0.00012328,,,,,,,,,,
625,0.00012592,,,,,,,,,,
625.2,0.00012851,,,,,,,,,,
625.4,0.00013116,,,,,,,,,,
625.6,0.00013386,,,,,,,,,,
625.8,0.00013661,,,,,,,,,,
626,0.00013943,,,,,,,,,,
626.2,0.00014230,,,,,,,,,,
626.4,0.00014523,,,,,,,,,,
626.6,0.00014821,,,,,,,,,,
626.8,0.00015127,,,,,,,,,,
627,0.00015438,,,,,,,,,,
627.2,0.00015756,,,,,,,,,,
627.4,0.00015992,,,,,,,,,,
627.6,0.00016074,,,,,,,,,,
627.8,0.00016156,,,,,,,,,,
628,0.00016239,,,,,,,,,,
628.2,0.00016322,,,,,,,,,,
628.4,0.00016406,,,,,,,,,,
628.6,0.00016490,,,,,,,,,,
628.8,0.00016574,,,,,,,,,,
629,0.00016659,,,,,,,,,,
629.2,0.00016745,,,,,,,,,,
629.4,0.00016831,,,,,,,,,,
629.6,0.00016917,,,,,,,,,,
629.8,0.00017003,,,,,,,,,,
630,0.00016734,,,,,,,,,,
630.2,0.00016042,,,,,,,,,,
630.4,0.00015379,,,,,,,,,,
630.6,0.00014743,,,,,,,,,,
630.8,0.00014133,,,,,,,,,,
631,0.00013549,,,,,,,,,,
631.2,0.00012988,,,,,,,,,,
631.4,0.00012451,,,,,,,,,,
631.6,0.00011936,,,,,,,,,,
631.8,0.00011443,,,,,,,,,,
632,0.00010970,,,,,,,,,,
632.2,0.00010516,,,,,,,,,,
632.4,0.00010081,,,,,,,,,,
632.6,0.00009597,,,,,,,,,,
632.8,0.00009080,,,,,,,,,,
633,0.00008590,,,,,,,,,,
633.2,0.00008127,,,,,,,,,,
633.4,0.00007688,,,,,,,,,,
633.6,0.00007273,,,,,,,,,,
633.8,0.00006881,,,,,,,,,,
634,0.00006510,,,,,,,,,,
634.2,0.00006159,,,,,,,,,,
634.4,0.00005826,,,,,,,,,,
634.6,0.00005512,,,,,,,,,,
634.8,0.00005215,,,,,,,,,,
635,0.00005047,,,,,,,,,,
635.2,0.00005031,,,,,,,,,,
635.4,0.00005015,,,,,,,,,,
635.6,0.00004999,,,,,,,,,,
635.8,0.00004983,,,,,,,,,,
636,0.00004967,,,,,,,,,,
636.2,0.00004951,,,,,,,,,,
636.4,0.00004935,,,,,,,,,,
636.6,0.00004920,,,,,,,,,,
636.8,0.00004904,,,,,,,,,,
637,0.00004888,,,,,,,,,,
637.2,0.00004873,,,,,,,,,,
637.4,0.00004893,,,,,,,,,,
637.6,0.00004984,,,,,,,,,,
637.8,0.00005077,,,,,,,,,,
638,0.00005171,,,,,,,,,,
638.2,0.00005267,,,,,,,,,,
638.4,0.00005365,,,,,,,,,,
638.6,0.00005465,,,,,,,,,,
638.8,0.00005567,,,,,,,,,,
639,0.00005670,,,,,,,,,,
639.2,0.00005775,,,,,,,,,,
639.4,0.00005883,,,,,,,,,,
639.6,0.00005992,,,,,,,,,,
639.8,0.00006103,,,,,,,,,,
640,0.00006336,,,,,,,,,,
640.2,0.00006734,,,,,,,,,,
640.4,0.00007157,,,,,,,,,,
640.6,0.00007607,,,,,,,,,,
640.8,0.00008085,,,,,,,,,,
641,0.00008593,,,,,,,,,,
641.2,0.00009132,,,,,,,,,,
641.4,0.00009706,,,,,,,,,,
641.6,0.00010316,,,,,,,,,,
641.8,0.00010964,,,,,,,,,,
642,0.00011653,,,,,,,,,,
642.2,0.00012386,,,,,,,,,,
642.4,0.00013164,,,,,,,,,,
642.6,0.00013918,,,,,,,,,,
642.8,0.00014650,,,,,,,,,,
643,0.00015420,,,,,,,,,,
643.2,0.00016231,,,,,,,,,,
643.4,0.00017085,,,,,,,,,,
643.6,0.00017983,,,,,,,,,,
643.8,0.00018929,,,,,,,,,,
644,0.00019924,,,,,,,,,,
644.2,0.00020972,,,,,,,,,,
644.4,0.00022075,,,,,,,,,,
644.6,0.00023236,,,,,,,,,,
644.8,0.00024457,,,,,,,,,,
645,0.00025164,,,,,,,,,,
645.2,0.00025180,,,,,,,,,,
645.4,0.00025196,,,,,,,,,,
645.6,0.00025212,,,,,,,,,,
645.8,0.00025228,,,,,,,,,,
646,0.00025244,,,,,,,,,,
646.2,0.00025260,,,,,,,,,,
646.4,0.00025276,,,,,,,,,,
646.6,0.00025292,,,,,,,,,,
646.8,0.00025308,,,,,,,,,,
647,0.00025324,,,,,,,,,,
647.2,0.00025340,,,,,,,,,,
647.4,0.00025145,,,,,,,,,,
647.6,0.00024598,,,,,,,,,,
647.8,0.00024063,,,,,,,,,,
648,0.00023540,,,,,,,,,,
648.2,0.00023028,,,,,,,,,,
648.4,0.00022527,,,,,,,,,,
648.6,0.00022037,,,,,,,,,,
648.8,0.00021557,,,,,,,,,,
649,0.00021088,,,,,,,,,,
649.2,0.00020629,,,,,,,,,,
649.4,0.00020181,,,,,,,,,,
649.6,0.00019742,,,,,,,,,,
649.8,0.00019312,,,,,,,,,,
650,0.00019612,,,,,,,,,,
650.2,0.00020331,,,,,,,,,,
650.4,0.00021075,,,,,,,,,,
650.6,0.00021848,,,,,,,,,,
650.8,0.00022648,,,,,,,,,,
651,0.00023478,,,,,,,,,,
651.2,0.00024338,,,,,,,,,,
651.4,0.00024808,,,,,,,,,,
651.6,0.00025283,,,,,,,,,,
651.8,0.00025766,,,,,,,,,,
652,0.00026260,,,,,,,,,,
652.2,0.00026762,,,,,,,,,,
652.4,0.00027274,,,,,,,,,,
652.6,0.00027796,,,,,,,,,,
652.8,0.00028328,,,,,,,,,,
653,0.00028870,,,,,,,,,,
653.2,0.00029422,,,,,,,,,,
653.4,0.00029985,,,,,,,,,,
653.6,0.00030330,,,,,,,,,,
653.8,0.00030204,,,,,,,,,,
654,0.00030079,,,,,,,,,,
654.2,0.00029953,,,,,,,,,,
654.4,0.00029829,,,,,,,,,,
654.6,0.00029705,,,,,,,,,,
654.8,0.00029581,,,,,,,,,,
655,0.00029458,,,,,,,,,,
655.2,0.00029336,,,,,,,,,,
655.4,0.00029214,,,,,,,,,,
655.6,0.00029092,,,,,,,,,,
655.8,0.00028971,,,,,,,,,,
656,0.00027829,,,,,,,,,,
656.2,0.00026250,,,,,,,,,,
656.4,0.00024761,,,,,,,,,,
656.6,0.00023357,,,,,,,,,,
656.8,0.00022032,,,,,,,,,,
657,0.00020782,,,,,,,,,,
657.2,0.00019603,,,,,,,,,,
657.4,0.00018492,,,,,,,,,,
657.6,0.00017443,,,,,,,,,,
657.8,0.00016453,,,,,,,,,,
658,0.00015520,,,,,,,,,,
658.2,0.00014638,,,,,,,,,,
658.4,0.00013680,,,,,,,,,,
658.6,0.00012784,,,,,,,,,,
658.8,0.00011947,,,,,,,,,,
659,0.00011165,,,,,,,,,,
659.2,0.00010434,,,,,,,,,,
659.4,0.00009751,,,,,,,,,,
659.6,0.00009112,,,,,,,,,,
659.8,0.00008516,,,,,,,,,,
660,0.00007958,,,,,,,,,,
660.2,0.00007857,,,,,,,,,,
660.4,0.00007865,,,,,,,,,,
660.6,0.00007873,,,,,,,,,,
660.8,0.00007881,,,,,,,,,,
661,0.00007888,,,,,,,,,,
661.2,0.00007896,,,,,,,,,,
661.4,0.00007904,,,,,,,,,,
661.6,0.00007912,,,,,,,,,,
661.8,0.00007920,,,,,,,,,,
662,0.00007928,,,,,,,,,,
662.2,0.00007935,,,,,,,,,,
662.4,0.00007943,,,,,,,,,,
662.6,0.00007995,,,,,,,,,,
662.8,0.00008088,,,,,,,,,,
663,0.00008182,,,,,,,,,,
663.2,0.00008276,,,,,,,,,,
663.4,0.00008372,,,,,,,,,,
663.6,0.00008469,,,,,,,,,,
663.8,0.00008567,,,,,,,,,,
664,0.00008667,,,,,,,,,,
664.2,0.00008767,,,,,,,,,,
664.4,0.00008869,,,,,,,,,,
664.6,0.00008971,,,,,,,,,,
664.8,0.00009075,,,,,,,,,,
665,0.00009154,,,,,,,,,,
665.2,0.00009201,,,,,,,,,,
665.4,0.00009248,,,,,,,,,,
665.6,0.00009295,,,,,,,,,,
665.8,0.00009343,,,,,,,,,,
666,0.00009391,,,,,,,,,,
666.2,0.00009439,,,,,,,,,,
666.4,0.00009487,,,,,,,,,,
666.6,0.00009535,,,,,,,,,,
666.8,0.00009584,,,,,,,,,,
667,0.00009633,,,,,,,,,,
667.2,0.00009683,,,,,,,,,,
667.4,0.00009466,,,,,,,,,,
667.6,0.00008860,,,,,,,,,,
667.8,0.00008294,,,,,,,,,,
668,0.00007763,,,,,,,,,,
668.2,0.00007267,,,,,,,,,,
668.4,0.00006802,,,,,,,,,,
668.6,0.00006367,,,,,,,,,,
668.8,0.00005960,,,,,,,,,,
669,0.00005579,,,,,,,,,,
669.2,0.00005222,,,,,,,,,,
669.4,0.00004888,,,,,,,,,,
669.6,0.00004575,,,,,,,,,,
669.8,0.00004283,,,,,,,,,,
670,0.00004019,,,,,,,,,,
670.2,0.00003785,,,,,,,,,,
670.4,0.00003565,,,,,,,,,,
670.6,0.00003357,,,,,,,,,,
670.8,0.00003162,,,,,,,,,,
671,0.00002978,,,,,,,,,,
671.2,0.00002804,,,,,,,,,,
671.4,0.00002641,,,,,,,,,,
671.6,0.00002487,,,,,,,,,,
671.8,0.00002342,,,,,,,,,,
672,0.00002206,,,,,,,,,,
672.2,0.00002077,,,,,,,,,,
672.4,0.00001956,,,,,,,,,,
672.6,0.00001881,,,,,,,,,,
672.8,0.00001849,,,,,,,,,,
673,0.00001817,,,,,,,,,,
673.2,0.00001786,,,,,,,,,,
673.4,0.00001756,,,,,,,,,,
673.6,0.00001726,,,,,,,,,,
673.8,0.00001696,,,,,,,,,,
674,0.00001667,,,,,,,,,,
674.2,0.00001638,,,,,,,,,,
674.4,0.00001610,,,,,,,,,,
674.6,0.00001583,,,,,,,,,,
674.8,0.00001556,,,,,,,,,,
675,0.00001561,,,,,,,,,,
675.2,0.00001610,,,,,,,,,,
675.4,0.00001661,,,,,,,,,,
675.6,0.00001713,,,,,,,,,,
675.8,0.00001767,,,,,,,,,,
676,0.00001822,,,,,,,,,,
676.2,0.00001879,,,,,,,,,,
676.4,0.00001939,,,,,,,,,,
676.6,0.00002000,,,,,,,,,,
676.8,0.00002062,,,,,,,,,,
677,0.00002127,,,,,,,,,,
677.2,0.00002194,,,,,,,,,,
677.4,0.00002323,,,,,,,,,,
677.6,0.00002572,,,,,,,,,,
677.8,0.00002848,,,,,,,,,,
678,0.00003153,,,,,,,,,,
678.2,0.00003492,,,,,,,,,,
678.4,0.00003866,,,,,,,,,,
678.6,0.00004281,,,,,,,,,,
678.8,0.00004741,,,,,,,,,,
679,0.00005249,,,,,,,,,,
679.2,0.00005813,,,,,,,,,,
679.4,0.00006437,,,,,,,,,,
679.6,0.00007127,,,,,,,,,,
679.8,0.00007892,,,,,,,,,,
680,0.00008438,,,,,,,,,,
680.2,0.00008613,,,,,,,,,,
680.4,0.00008791,,,,,,,,,,
680.6,0.00008973,,,,,,,,,,
680.8,0.00009159,,,,,,,,,,
681,0.00009349,,,,,,,,,,
681.2,0.00009542,,,,,,,,,,
681.4,0.00009740,,,,,,,,,,
681.6,0.00009942,,,,,,,,,,
681.8,0.00010147,,,,,,,,,,
682,0.00010357,,,,,,,,,,
682.2,0.00010572,,,,,,,,,,
682.4,0.00010791,,,,,,,,,,
682.6,0.00010498,,,,,,,,,,
682.8,0.00009715,,,,,,,,,,
683,0.00008991,,,,,,,,,,
683.2,0.00008320,,,,,,,,,,
683.4,0.00007700,,,,,,,,,,
683.6,0.00007126,,,,,,,,,,
683.8,0.00006594,,,,,,,,,,
684,0.00006102,,,,,,,,,,
684.2,0.00005647,,,,,,,,,,
684.4,0.00005226,,,,,,,,,,
684.6,0.00004837,,,,,,,,,,
684.8,0.00004476,,,,,,,,,,
685,0.00004131,,,,,,,,,,
685.2,0.00003800,,,,,,,,,,
685.4,0.00003496,,,,,,,,,,
685.6,0.00003216,,,,,,,,,,
685.8,0.00002958,,,,,,,,,,
686,0.00002721,,,,,,,,,,
686.2,0.00002503,,,,,,,,,,
686.4,0.00002303,,,,,,,,,,
686.6,0.00002118,,,,,,,,,,
686.8,0.00001949,,,,,,,,,,
687,0.00001793,,,,,,,,,,
687.2,0.00001649,,,,,,,,,,
687.4,0.00001545,,,,,,,,,,
687.6,0.00001491,,,,,,,,,,
687.8,0.00001439,,,,,,,,,,
688,0.00001388,,,,,,,,,,
688.2,0.00001340,,,,,,,,,,
688.4,0.00001293,,,,,,,,,,
688.6,0.00001248,,,,,,,,,,
688.8,0.00001204,,,,,,,,,,
689,0.00001162,,,,,,,,,,
689.2,0.00001121,,,,,,,,,,
689.4,0.00001082,,,,,,,,,,
689.6,0.00001044,,,,,,,,,,
689.8,0.00001007,,,,,,,,,,
690,0.00000975,,,,,,,,,,
690.2,0.00000949,,,,,,,,,,
690.4,0.00000923,,,,,,,,,,
690.6,0.00000897,,,,,,,,,,
690.8,0.00000873,,,,,,,,,,
691,0.00000849,,,,,,,,,,
691.2,0.00000826,,,,,,,,,,
691.4,0.00000803,,,,,,,,,,
691.6,0.00000781,,,,,,,,,,
691.8,0.00000760,,,,,,,,,,
692,0.00000739,,,,,,,,,,
692.2,0.00000719,,,,,,,,,,
692.4,0.00000699,,,,,,,,,,
692.6,0.00000689,,,,,,,,,,
692.8,0.00000690,,,,,,,,,,
693,0.00000690,,,,,,,,,,
693.2,0.00000691,,,,,,,,,,
693.4,0.00000691,,,,,,,,,,
693.6,0.00000691,,,,,,,,,,
693.8,0.00000692,,,,,,,,,,
694,0.00000692,,,,,,,,,,
694.2,0.00000693,,,,,,,,,,
694.4,0.00000693,,,,,,,,,,
694.6,0.00000694,,,,,,,,,,
694.8,0.00000694,,,,,,,,,,
695,0.00000692,,,,,,,,,,
695.2,0.00000686,,,,,,,,,,
695.4,0.00000681,,,,,,,,,,
695.6,0.00000675,,,,,,,,,,
695.8,0.00000670,,,,,,,,,,
696,0.00000664,,,,,,,,,,
696.2,0.00000659,,,,,,,,,,
696.4,0.00000654,,,,,,,,,,
696.6,0.00000648,,,,,,,,,,
696.8,0.00000643,,,,,,,,,,
697,0.00000638,,,,,,,,,,
697.2,0.00000633,,,,,,,,,,
697.4,0.00000641,,,,,,,,,,
697.6,0.00000673,,,,,,,,,,
697.8,0.00000705,,,,,,,,,,
698,0.00000739,,,,,,,,,,
698.2,0.00000775,,,,,,,,,,
698.4,0.00000813,,,,,,,,,,
698.6,0.00000852,,,,,,,,,,
698.8,0.00000894,,,,,,,,,,
699,0.00000937,,,,,,,,,,
699.2,0.00000983,,,,,,,,,,
699.4,0.00001030,,,,,,,,,,
699.6,0.00001080,,,,,,,,,,
699.8,0.00001133,,,,,,,,,,
700,0.00001187,,,,,,,,,,
700.2,0.00001242,,,,,,,,,,
700.4,0.00001300,,,,,,,,,,
700.6,0.00001361,,,,,,,,,,
700.8,0.00001425,,,,,,,,,,
701,0.00001492,,,,,,,,,,
701.2,0.00001561,,,,,,,,,,
701.4,0.00001634,,,,,,,,,,
701.6,0.00001711,,,,,,,,,,
701.8,0.00001791,,,,,,,,,,
702,0.00001875,,,,,,,,,,
702.2,0.00001962,,,,,,,,,,
702.4,0.00002054,,,,,,,,,,
702.6,0.00002172,,,,,,,,,,
702.8,0.00002323,,,,,,,,,,
703,0.00002484,,,,,,,,,,
703.2,0.00002657,,,,,,,,,,
703.4,0.00002841,,,,,,,,,,
703.6,0.00003039,,,,,,,,,,
703.8,0.00003250,,,,,,,,,,
704,0.00003475,,,,,,,,,,
704.2,0.00003717,,,,,,,,,,
704.4,0.00003975,,,,,,,,,,
704.6,0.00004251,,,,,,,,,,
704.8,0.00004546,,,,,,,,,,
705,0.00004935,,,,,,,,,,
705.2,0.00005461,,,,,,,,,,
705.4,0.00006043,,,,,,,,,,
705.6,0.00006687,,,,,,,,,,
705.8,0.00007400,,,,,,,,,,
706,0.00008188,,,,,,,,,,
706.2,0.00009061,,,,,,,,,,
706.4,0.00010026,,,,,,,,,,
706.6,0.00011095,,,,,,,,,,
706.8,0.00012277,,,,,,,,,,
707,0.00013586,,,,,,,,,,
707.2,0.00015033,,,,,,,,,,
707.4,0.00015678,,,,,,,,,,
707.6,0.00014988,,,,,,,,,,
707.8,0.00014328,,,,,,,,,,
708,0.00013697,,,,,,,,,,
708.2,0.00013094,,,,,,,,,,
708.4,0.00012517,,,,,,,,,,
708.6,0.00011966,,,,,,,,,,
708.8,0.00011439,,,,,,,,,,
709,0.00010935,,,,,,,,,,
709.2,0.00010454,,,,,,,,,,
709.4,0.00009994,,,,,,,,,,
709.6,0.00009554,,,,,,,,,,
709.8,0.00009133,,,,,,,,,,
710,0.00008581,,,,,,,,,,
710.2,0.00007888,,,,,,,,,,
710.4,0.00007251,,,,,,,,,,
710.6,0.00006665,,,,,,,,,,
710.8,0.00006127,,,,,,,,,,
711,0.00005632,,,,,,,,,,
711.2,0.00005177,,,,,,,,,,
711.4,0.00004759,,,,,,,,,,
711.6,0.00004375,,,,,,,,,,
711.8,0.00004021,,,,,,,,,,
712,0.00003696,,,,,,,,,,
712.2,0.00003398,,,,,,,,,,
712.4,0.00003123,,,,,,,,,,
712.6,0.00002968,,,,,,,,,,
712.8,0.00002927,,,,,,,,,,
713,0.00002887,,,,,,,,,,
713.2,0.00002848,,,,,,,,,,
713.4,0.00002809,,,,,,,,,,
713.6,0.00002771,,,,,,,,,,
713.8,0.00002733,,,,,,,,,,
714,0.00002696,,,,,,,,,,
714.2,0.00002659,,,,,,,,,,
714.4,0.00002623,,,,,,,,,,
714.6,0.00002587,,,,,,,,,,
714.8,0.00002552,,,,,,,,,,
715,0.00002520,,,,,,,,,,
715.2,0.00002493,,,,,,,,,,
715.4,0.00002466,,,,,,,,,,
715.6,0.00002440,,,,,,,,,,
715.8,0.00002413,,,,,,,,,,
716,0.00002387,,,,,,,,,,
716.2,0.00002361,,,,,,,,,,
716.4,0.00002336,,,,,,,,,,
716.6,0.00002311,,,,,,,,,,
716.8,0.00002286,,,,,,,,,,
717,0.00002261,,,,,,,,,,
717.2,0.00002237,,,,,,,,,,
717.4,0.00002227,,,,,,,,,,
717.6,0.00002238,,,,,,,,,,
717.8,0.00002249,,,,,,,,,,
718,0.00002260,,,,,,,,,,
718.2,0.00002271,,,,,,,,,,
718.4,0.00002282,,,,,,,,,,
718.6,0.00002293,,,,,,,,,,
718.8,0.00002305,,,,,,,,,,
719,0.00002316,,,,,,,,,,
719.2,0.00002327,,,,,,,,,,
719.4,0.00002339,,,,,,,,,,
719.6,0.00002350,,,,,,,,,,
719.8,0.00002362,,,,,,,,,,
720,0.00002423,,,,,,,,,,
720.2,0.00002550,,,,,,,,,,
720.4,0.00002685,,,,,,,,,,
720.6,0.00002826,,,,,,,,,,
720.8,0.00002975,,,,,,,,,,
721,0.00003131,,,,,,,,,,
721.2,0.00003296,,,,,,,,,,
721.4,0.00003469,,,,,,,,,,
721.6,0.00003652,,,,,,,,,,
721.8,0.00003844,,,,,,,,,,
722,0.00004047,,,,,,,,,,
722.2,0.00004260,,,,,,,,,,
722.4,0.00004484,,,,,,,,,,
722.6,0.00004733,,,,,,,,,,
722.8,0.00005011,,,,,,,,,,
723,0.00005306,,,,,,,,,,
723.2,0.00005619,,,,,,,,,,
723.4,0.00005949,,,,,,,,,,
723.6,0.00006299,,,,,,,,,,
723.8,0.00006670,,,,,,,,,,
724,0.00007063,,,,,,,,,,
724.2,0.00007478,,,,,,,,,,
724.4,0.00007919,,,,,,,,,,
724.6,0.00008385,,,,,,,,,,
724.8,0.00008878,,,,,,,,,,
725,0.00009366,,,,,,,,,,
725.2,0.00009838,,,,,,,,,,
725.4,0.00010333,,,,,,,,,,
725.6,0.00010854,,,,,,,,,,
725.8,0.00011401,,,,,,,,,,
726,0.00011975,,,,,,,,,,
726.2,0.00012578,,,,,,,,,,
726.4,0.00013212,,,,,,,,,,
726.6,0.00013877,,,,,,,,,,
726.8,0.00014576,,,,,,,,,,
727,0.00015310,,,,,,,,,,
727.2,0.00016082,,,,,,,,,,
727.4,0.00016582,,,,,,,,,,
727.6,0.00016693,,,,,,,,,,
727.8,0.00016805,,,,,,,,,,
728,0.00016917,,,,,,,,,,
728.2,0.00017030,,,,,,,,,,
728.4,0.00017144,,,,,,,,,,
728.6,0.00017259,,,,,,,,,,
728.8,0.00017374,,,,,,,,,,
729,0.00017490,,,,,,,,,,
729.2,0.00017607,,,,,,,,,,
729.4,0.00017725,,,,,,,,,,
729.6,0.00017843,,,,,,,,,,
729.8,0.00017962,,,,,,,,,,
730,0.00018063,,,,,,,,,,
730.2,0.00018141,,,,,,,,,,
730.4,0.00018220,,,,,,,,,,
730.6,0.00018299,,,,,,,,,,
730.8,0.00018378,,,,,,,,,,
731,0.00018457,,,,,,,,,,
731.2,0.00018537,,,,,,,,,,
731.4,0.00018618,,,,,,,,,,
731.6,0.00018698,,,,,,,,,,
731.8,0.00018779,,,,,,,,,,
732,0.00018860,,,,,,,,,,
732.2,0.00018942,,,,,,,,,,
732.4,0.00019024,,,,,,,,,,
732.6,0.00019128,,,,,,,,,,
732.8,0.00019259,,,,,,,,,,
733,0.00019390,,,,,,,,,,
733.2,0.00019522,,,,,,,,,,
733.4,0.00019655,,,,,,,,,,
733.6,0.00019789,,,,,,,,,,
733.8,0.00019924,,,,,,,,,,
734,0.00020059,,,,,,,,,,
734.2,0.00020196,,,,,,,,,,
734.4,0.00020334,,,,,,,,,,
734.6,0.00020472,,,,,,,,,,
734.8,0.00020612,,,,,,,,,,
735,0.00020774,,,,,,,,,,
735.2,0.00020963,,,,,,,,,,
735.4,0.00021154,,,,,,,,,,
735.6,0.00021347,,,,,,,,,,
735.8,0.00021541,,,,,,,,,,
736,0.00021737,,,,,,,,,,
736.2,0.00021936,,,,,,,,,,
736.4,0.00022135,,,,,,,,,,
736.6,0.00022337,,,,,,,,,,
736.8,0.00022541,,,,,,,,,,
737,0.00022746,,,,,,,,,,
737.2,0.00022953,,,,,,,,,,
737.4,0.00022946,,,,,,,,,,
737.6,0.00022666,,,,,,,,,,
737.8,0.00022389,,,,,,,,,,
738,0.00022115,,,,,,,,,,
738.2,0.00021845,,,,,,,,,,
738.4,0.00021578,,,,,,,,,,
738.6,0.00021315,,,,,,,,,,
738.8,0.00021054,,,,,,,,,,
739,0.00020797,,,,,,,,,,
739.2,0.00020543,,,,,,,,,,
739.4,0.00020292,,,,,,,,,,
739.6,0.00020044,,,,,,,,,,
739.8,0.00019799,,,,,,,,,,
740,0.00019617,,,,,,,,,,
740.2,0.00019506,,,,,,,,,,
740.4,0.00019395,,,,,,,,,,
740.6,0.00019285,,,,,,,,,,
740.8,0.00019176,,,,,,,,,,
741,0.00019067,,,,,,,,,,
741.2,0.00018959,,,,,,,,,,
741.4,0.00018852,,,,,,,,,,
741.6,0.00018745,,,,,,,,,,
741.8,0.00018638,,,,,,,,,,
742,0.00018533,,,,,,,,,,
742.2,0.00018428,,,,,,,,,,
742.4,0.00018323,,,,,,,,,,
742.6,0.00018253,,,,,,,,,,
742.8,0.00018221,,,,,,,,,,
743,0.00018188,,,,,,,,,,
743.2,0.00018156,,,,,,,,,,
743.4,0.00018123,,,,,,,,,,
743.6,0.00018091,,,,,,,,,,
743.8,0.00018059,,,,,,,,,,
744,0.00018027,,,,,,,,,,
744.2,0.00017995,,,,,,,,,,
744.4,0.00017963,,,,,,,,,,
744.6,0.00017931,,,,,,,,,,
744.8,0.00017899,,,,,,,,,,
745,0.00017933,,,,,,,,,,
745.2,0.00018043,,,,,,,,,,
745.4,0.00018155,,,,,,,,,,
745.6,0.00018267,,,,,,,,,,
745.8,0.00018380,,,,,,,,,,
746,0.00018493,,,,,,,,,,
746.2,0.00018607,,,,,,,,,,
746.4,0.00018722,,,,,,,,,,
746.6,0.00018838,,,,,,,,,,
746.8,0.00018954,,,,,,,,,,
747,0.00019071,,,,,,,,,,
747.2,0.00019188,,,,,,,,,,
747.4,0.00019341,,,,,,,,,,
747.6,0.00019534,,,,,,,,,,
747.8,0.00019730,,,,,,,,,,
748,0.00019927,,,,,,,,,,
748.2,0.00020126,,,,,,,,,,
748.4,0.00020328,,,,,,,,,,
748.6,0.00020531,,,,,,,,,,
748.8,0.00020736,,,,,,,,,,
749,0.00020944,,,,,,,,,,
749.2,0.00021153,,,,,,,,,,
749.4,0.00021365,,,,,,,,,,
749.6,0.00021579,,,,,,,,,,
749.8,0.00021795,,,,,,,,,,
750,0.00022029,,,,,,,,,,
750.2,0.00022285,,,,,,,,,,
750.4,0.00022544,,,,,,,,,,
750.6,0.00022806,,,,,,,,,,
750.8,0.00023072,,,,,,,,,,
751,0.00023340,,,,,,,,,,
751.2,0.00023611,,,,,,,,,,
751.4,0.00023886,,,,,,,,,,
751.6,0.00024164,,,,,,,,,,
751.8,0.00024445,,,,,,,,,,
752,0.00024729,,,,,,,,,,
752.2,0.00025016,,,,,,,,,,
752.4,0.00025307,,,,,,,,,,
752.6,0.00025375,,,,,,,,,,
752.8,0.00025161,,,,,,,,,,
753,0.00024949,,,,,,,,,,
753.2,0.00024739,,,,,,,,,,
753.4,0.00024531,,,,,,,,,,
753.6,0.00024325,,,,,,,,,,
753.8,0.00024120,,,,,,,,,,
754,0.00023917,,,,,,,,,,
754.2,0.00023715,,,,,,,,,,
754.4,0.00023516,,,,,,,,,,
754.6,0.00023318,,,,,,,,,,
754.8,0.00023122,,,,,,,,,,
755,0.00022957,,,,,,,,,,
755.2,0.00022830,,,,,,,,,,
755.4,0.00022705,,,,,,,,,,
755.6,0.00022580,,,,,,,,,,
755.8,0.00022455,,,,,,,,,,
756,0.00022331,,,,,,,,,,
756.2,0.00022208,,,,,,,,,,
756.4,0.00022086,,,,,,,,,,
756.6,0.00021964,,,,,,,,,,
756.8,0.00021843,,,,,,,,,,
757,0.00021723,,,,,,,,,,
757.2,0.00021603,,,,,,,,,,
757.4,0.00021452,,,,,,,,,,
757.6,0.00021261,,,,,,,,,,
757.8,0.00021072,,,,,,,,,,
758,0.00020885,,,,,,,,,,
758.2,0.00020700,,,,,,,,,,
758.4,0.00020516,,,,,,,,,,
758.6,0.00020334,,,,,,,,,,
758.8,0.00020153,,,,,,,,,,
759,0.00019974,,,,,,,,,,
759.2,0.00019797,,,,,,,,,,
759.4,0.00019621,,,,,,,,,,
759.6,0.00019447,,,,,,,,,,
759.8,0.00019274,,,,,,,,,,
760,0.00019301,,,,,,,,,,
760.2,0.00019575,,,,,,,,,,
760.4,0.00019852,,,,,,,,,,
760.6,0.00020133,,,,,,,,,,
760.8,0.00020418,,,,,,,,,,
761,0.00020707,,,,,,,,,,
761.2,0.00021001,,,,,,,,,,
761.4,0.00021298,,,,,,,,,,
761.6,0.00021600,,,,,,,,,,
761.8,0.00021906,,,,,,,,,,
762,0.00022216,,,,,,,,,,
762.2,0.00022530,,,,,,,,,,
762.4,0.00022849,,,,,,,,,,
762.6,0.00023035,,,,,,,,,,
762.8,0.00023048,,,,,,,,,,
763,0.00023061,,,,,,,,,,
763.2,0.00023075,,,,,,,,,,
763.4,0.00023089,,,,,,,,,,
763.6,0.00023102,,,,,,,,,,
763.8,0.00023116,,,,,,,,,,
764,0.00023129,,,,,,,,,,
764.2,0.00023143,,,,,,,,,,
764.4,0.00023156,,,,,,,,,,
764.6,0.00023170,,,,,,,,,,
764.8,0.00023183,,,,,,,,,,
765,0.00023146,,,,,,,,,,
765.2,0.00023049,,,,,,,,,,
765.4,0.00022952,,,,,,,,,,
765.6,0.00022856,,,,,,,,,,
765.8,0.00022760,,,,,,,,,,
766,0.00022664,,,,,,,,,,
766.2,0.00022569,,,,,,,,,,
766.4,0.00022474,,,,,,,,,,
766.6,0.00022380,,,,,,,,,,
766.8,0.00022286,,,,,,,,,,
767,0.00022192,,,,,,,,,,
767.2,0.00022099,,,,,,,,,,
767.4,0.00021844,,,,,,,,,,
767.6,0.00021408,,,,,,,,,,
767.8,0.00020981,,,,,,,,,,
768,0.00020562,,,,,,,,,,
768.2,0.00020152,,,,,,,,,,
768.4,0.00019750,,,,,,,,,,
768.6,0.00019356,,,,,,,,,,
768.8,0.00018970,,,,,,,,,,
769,0.00018591,,,,,,,,,,
769.2,0.00018220,,,,,,,,,,
769.4,0.00017857,,,,,,,,,,
769.6,0.00017500,,,,,,,,,,
769.8,0.00017151,,,,,,,,,,
770,0.00016978,,,,,,,,,,
770.2,0.00017013,,,,,,,,,,
770.4,0.00017048,,,,,,,,,,
770.6,0.00017083,,,,,,,,,,
770.8,0.00017118,,,,,,,,,,
771,0.00017153,,,,,,,,,,
771.2,0.00017189,,,,,,,,,,
771.4,0.00017224,,,,,,,,,,
771.6,0.00017260,,,,,,,,,,
771.8,0.00017295,,,,,,,,,,
772,0.00017331,,,,,,,,,,
772.2,0.00017367,,,,,,,,,,
772.4,0.00017402,,,,,,,,,,
772.6,0.00017483,,,,,,,,,,
772.8,0.00017623,,,,,,,,,,
773,0.00017765,,,,,,,,,,
773.2,0.00017907,,,,,,,,,,
773.4,0.00018051,,,,,,,,,,
773.6,0.00018196,,,,,,,,,,
773.8,0.00018342,,,,,,,,,,
774,0.00018489,,,,,,,,,,
774.2,0.00018638,,,,,,,,,,
774.4,0.00018787,,,,,,,,,,
774.6,0.00018938,,,,,,,,,,
774.8,0.00019090,,,,,,,,,,
775,0.00019275,,,,,,,,,,
775.2,0.00019501,,,,,,,,,,
775.4,0.00019729,,,,,,,,,,
775.6,0.00019961,,,,,,,,,,
775.8,0.00020195,,,,,,,,,,
776,0.00020432,,,,,,,,,,
776.2,0.00020671,,,,,,,,,,
776.4,0.00020913,,,,,,,,,,
776.6,0.00021159,,,,,,,,,,
776.8,0.00021407,,,,,,,,,,
777,0.00021658,,,,,,,,,,
777.2,0.00021912,,,,,,,,,,
777.4,0.00022002,,,,,,,,,,
777.6,0.00021905,,,,,,,,,,
777.8,0.00021809,,,,,,,,,,
778,0.00021713,,,,,,,,,,
778.2,0.00021618,,,,,,,,,,
778.4,0.00021523,,,,,,,,,,
778.6,0.00021428,,,,,,,,,,
778.8,0.00021334,,,,,,,,,,
779,0.00021241,,,,,,,,,,
779.2,0.00021147,,,,,,,,,,
779.4,0.00021054,,,,,,,,,,
779.6,0.00020962,,,,,,,,,,
779.8,0.00020870,,,,,,,,,,
780,0.00020985,,,,,,,,,,
780.2,0.00021351,,,,,,,,,,
780.4,0.00021724,,,,,,,,,,
780.6,0.00022104,,,,,,,,,,
780.8,0.00022490,,,,,,,,,,
781,0.00022883,,,,,,,,,,
781.2,0.00023283,,,,,,,,,,
781.4,0.00023690,,,,,,,,,,
781.6,0.00024104,,,,,,,,,,
781.8,0.00024525,,,,,,,,,,
782,0.00024954,,,,,,,,,,
782.2,0.00025390,,,,,,,,,,
782.4,0.00025834,,,,,,,,,,
782.6,0.00025836,,,,,,,,,,
782.8,0.00025267,,,,,,,,,,
783,0.00024710,,,,,,,,,,
783.2,0.00024165,,,,,,,,,,
783.4,0.00023633,,,,,,,,,,
783.6,0.00023112,,,,,,,,,,
783.8,0.00022602,,,,,,,,,,
784,0.00022104,,,,,,,,,,
784.2,0.00021617,,,,,,,,,,
784.4,0.00021140,,,,,,,,,,
784.6,0.00020674,,,,,,,,,,
784.8,0.00020219,,,,,,,,,,
785,0.00019945,,,,,,,,,,
785.2,0.00020257,,,,,,,,,,
785.4,0.00020573,,,,,,,,,,
785.6,0.00020894,,,,,,,,,,
785.8,0.00021220,,,,,,,,,,
786,0.00021551,,,,,,,,,,
786.2,0.00021887,,,,,,,,,,
786.4,0.00022229,,,,,,,,,,
786.6,0.00022575,,,,,,,,,,
786.8,0.00022928,,,,,,,,,,
787,0.00023285,,,,,,,,,,
787.2,0.00023649,,,,,,,,,,
787.4,0.00024018,,,,,,,,,,
787.6,0.00024392,,,,,,,,,,
787.8,0.00024361,,,,,,,,,,
788,0.00024080,,,,,,,,,,
788.2,0.00023803,,,,,,,,,,
788.4,0.00023529,,,,,,,,,,
788.6,0.00023258,,,,,,,,,,
788.8,0.00022991,,,,,,,,,,
789,0.00022726,,,,,,,,,,
789.2,0.00022464,,,,,,,,,,
789.4,0.00022206,,,,,,,,,,
789.6,0.00021950,,,,,,,,,,
789.8,0.00021996,,,,,,,,,,
790,0.00022317,,,,,,,,,,
790.2,0.00022642,,,,,,,,,,
790.4,0.00022972,,,,,,,,,,
790.6,0.00023307,,,,,,,,,,
790.8,0.00023646,,,,,,,,,,
791,0.00023991,,,,,,,,,,
791.2,0.00024340,,,,,,,,,,
791.4,0.00024695,,,,,,,,,,
791.6,0.00025055,,,,,,,,,,
791.8,0.00025420,,,,,,,,,,
792,0.00025790,,,,,,,,,,
792.2,0.00025725,,,,,,,,,,
792.4,0.00025633,,,,,,,,,,
792.6,0.00025540,,,,,,,,,,
792.8,0.00025448,,,,,,,,,,
793,0.00025357,,,,,,,,,,
793.2,0.00025265,,,,,,,,,,
793.4,0.00025174,,,,,,,,,,
793.6,0.00025084,,,,,,,,,,
793.8,0.00024993,,,,,,,,,,
794,0.00024903,,,,,,,,,,
794.2,0.00024813,,,,,,,,,,
794.4,0.00024724,,,,,,,,,,
794.6,0.00024635,,,,,,,,,,
794.8,0.00024546,,,,,,,,,,
795,0.00024458,,,,,,,,,,
795.2,0.00024370,,,,,,,,,,
795.4,0.00024282,,,,,,,,,,
795.6,0.00024194,,,,,,,,,,
795.8,0.00024107,,,,,,,,,,
796,0.00024020,,,,,,,,,,
796.2,0.00023894,,,,,,,,,,
796.4,0.00023708,,,,,,,,,,
796.6,0.00023523,,,,,,,,,,
796.8,0.00023340,,,,,,,,,,
797,0.00023158,,,,,,,,,,
797.2,0.00022978,,,,,,,,,,
797.4,0.00022799,,,,,,,,,,
797.6,0.00022622,,,,,,,,,,
797.8,0.00022446,,,,,,,,,,
798,0.00022271,,,,,,,,,,
798.2,0.00022037,,,,,,,,,,
798.4,0.00021747,,,,,,,,,,
798.6,0.00021460,,,,,,,,,,
798.8,0.00021177,,,,,,,,,,
799,0.00020898,,,,,,,,,,
799.2,0.00020622,,,,,,,,,,
799.4,0.00020350,,,,,,,,,,
799.6,0.00020082,,,,,,,,,,
799.8,0.00019817,,,,,,,,,,
800,0.00019556,,,,,,,,,,
800.2,0.00019309,,,,,,,,,,
800.4,0.00019071,,,,,,,,,,
800.6,0.00018836,,,,,,,,,,
800.8,0.00018604,,,,,,,,,,
801,0.00018375,,,,,,,,,,
801.2,0.00018149,,,,,,,,,,
801.4,0.00017926,,,,,,,,,,
801.6,0.00017705,,,,,,,,,,
801.8,0.00017487,,,,,,,,,,
802,0.00017272,,,,,,,,,,
802.2,0.00017095,,,,,,,,,,
802.4,0.00016935,,,,,,,,,,
802.6,0.00016777,,,,,,,,,,
802.8,0.00016620,,,,,,,,,,
803,0.00016465,,,,,,,,,,
803.2,0.00016311,,,,,,,,,,
803.4,0.00016158,,,,,,,,,,
803.6,0.00016007,,,,,,,,,,
803.8,0.00015857,,,,,,,,,,
804,0.00015709,,,,,,,,,,
804.2,0.00015514,,,,,,,,,,
804.4,0.00015310,,,,,,,,,,
804.6,0.00015109,,,,,,,,,,
804.8,0.00014911,,,,,,,,,,
805,0.00014716,,,,,,,,,,
805.2,0.00014523,,,,,,,,,,
805.4,0.00014332,,,,,,,,,,
805.6,0.00014144,,,,,,,,,,
805.8,0.00013959,,,,,,,,,,
806,0.00013775,,,,,,,,,,
806.2,0.00013744,,,,,,,,,,
806.4,0.00013939,,,,,,,,,,
806.6,0.00014137,,,,,,,,,,
806.8,0.00014338,,,,,,,,,,
807,0.00014541,,,,,,,,,,
807.2,0.00014748,,,,,,,,,,
807.4,0.00014957,,,,,,,,,,
807.6,0.00015170,,,,,,,,,,
807.8,0.00015385,,,,,,,,,,
808,0.00015604,,,,,,,,,,
808.2,0.00015796,,,,,,,,,,
808.4,0.00015961,,,,,,,,,,
808.6,0.00016129,,,,,,,,,,
808.8,0.00016297,,,,,,,,,,
809,0.00016468,,,,,,,,,,
809.2,0.00016641,,,,,,,,,,
809.4,0.00016815,,,,,,,,,,
809.6,0.00016991,,,,,,,,,,
809.8,0.00017169,,,,,,,,,,
810,0.00017349,,,,,,,,,,
810.2,0.00017693,,,,,,,,,,
810.4,0.00018147,,,,,,,,,,
810.6,0.00018613,,,,,,,,,,
810.8,0.00019091,,,,,,,,,,
811,0.00019581,,,,,,,,,,
811.2,0.00020084,,,,,,,,,,
811.4,0.00020600,,,,,,,,,,
811.6,0.00021129,,,,,,,,,,
811.8,0.00021672,,,,,,,,,,
812,0.00022228,,,,,,,,,,
812.2,0.00022923,,,,,,,,,,
812.4,0.00023689,,,,,,,,,,
812.6,0.00024480,,,,,,,,,,
812.8,0.00025297,,,,,,,,,,
813,0.00026142,,,,,,,,,,
813.2,0.00027015,,,,,,,,,,
813.4,0.00027917,,,,,,,,,,
813.6,0.00028850,,,,,,,,,,
813.8,0.00029813,,,,,,,,,,
814,0.00030809,,,,,,,,,,
814.2,0.00034581,,,,,,,,,,
814.4,0.00039432,,,,,,,,,,
814.6,0.00044964,,,,,,,,,,
814.8,0.00051271,,,,,,,,,,
815,0.00058463,,,,,,,,,,
815.2,0.00066664,,,,,,,,,,
815.4,0.00076016,,,,,,,,,,
815.6,0.00086679,,,,,,,,,,
815.8,0.00063563,,,,,,,,,,
816,0.00025778,,,,,,,,,,
816.2,0.00063743,,,,,,,,,,
816.4,0.00072267,,,,,,,,,,
816.6,0.00062231,,,,,,,,,,
816.8,0.00065287,,,,,,,,,,
817,0.00084796,,,,,,,,,,
817.2,0.00103730,,,,,,,,,,
817.4,0.00066744,,,,,,,,,,
817.6,0.00123260,,,,,,,,,,
817.8,0.00092890,,,,,,,,,,
818,0.00120580,,,,,,,,,,
818.2,0.00114830,,,,,,,,,,
818.4,0.00130200,,,,,,,,,,
818.6,0.00112510,,,,,,,,,,
818.8,0.00173340,,,,,,,,,,
819,0.00120630,,,,,,,,,,
819.2,0.00170500,,,,,,,,,,
819.4,0.00153450,,,,,,,,,,
819.6,0.00181880,,,,,,,,,,
819.8,0.00172400,,,,,,,,,,
820,0.00213930,,,,,,,,,,
820.2,0.00256650,,,,,,,,,,
820.4,0.00256030,,,,,,,,,,
820.6,0.00269320,,,,,,,,,,
820.8,0.00319010,,,,,,,,,,
821,0.00360330,,,,,,,,,,
821.2,0.00383490,,,,,,,,,,
821.4,0.00429520,,,,,,,,,,
821.6,0.00486130,,,,,,,,,,
821.8,0.00559340,,,,,,,,,,
822,0.00646630,,,,,,,,,,
822.2,0.00671240,,,,,,,,,,
822.4,0.00853770,,,,,,,,,,
822.6,0.01044400,,,,,,,,,,
822.8,0.01266400,,,,,,,,,,
823,0.01509900,,,,,,,,,,
823.2,0.01939600,,,,,,,,,,
823.4,0.02519500,,,,,,,,,,
823.6,0.03389000,,,,,,,,,,
823.8,0.04783800,,,,,,,,,,
824,0.07227600,,,,,,,,,,
824.2,0.12000000,,,,,,,,,,
824.4,0.24000000,,,,,,,,,,
824.6,0.77900000,,,,,,,,,,
824.8,5.83500000,,,,,,,,,,
825,9.67500000,,,,,,,,,,
825.2,3.14800000,,,,,,,,,,
825.4,1.02500000,,,,,,,,,,
825.6,0.33300000,,,,,,,,,,
825.8,0.12600000,,,,,,,,,,
826,0.08080100,,,,,,,,,,
826.2,0.05752200,,,,,,,,,,
826.4,0.04320900,,,,,,,,,,
826.6,0.03385600,,,,,,,,,,
826.8,0.02741300,,,,,,,,,,
827,0.02279000,,,,,,,,,,
827.2,0.01966300,,,,,,,,,,
827.4,0.01704800,,,,,,,,,,
827.6,0.01490900,,,,,,,,,,
827.8,0.01318600,,,,,,,,,,
828,0.01180100,,,,,,,,,,
828.2,0.01063000,,,,,,,,,,
828.4,0.00969840,,,,,,,,,,
828.6,0.00894850,,,,,,,,,,
828.8,0.00831510,,,,,,,,,,
829,0.00775470,,,,,,,,,,
829.2,0.00726980,,,,,,,,,,
829.4,0.00682700,,,,,,,,,,
829.6,0.00654020,,,,,,,,,,
829.8,0.00623080,,,,,,,,,,
830,0.00586470,,,,,,,,,,
830.2,0.00559510,,,,,,,,,,
830.4,0.00544160,,,,,,,,,,
830.6,0.00521810,,,,,,,,,,
830.8,0.00502080,,,,,,,,,,
831,0.00486000,,,,,,,,,,
831.2,0.00469510,,,,,,,,,,
831.4,0.00454850,,,,,,,,,,
831.6,0.00446640,,,,,,,,,,
831.8,0.00438760,,,,,,,,,,
832,0.00431950,,,,,,,,,,
832.2,0.00426900,,,,,,,,,,
832.4,0.00412580,,,,,,,,,,
832.6,0.00410190,,,,,,,,,,
832.8,0.00408180,,,,,,,,,,
833,0.00405410,,,,,,,,,,
833.2,0.00401810,,,,,,,,,,
833.4,0.00395800,,,,,,,,,,
833.6,0.00402120,,,,,,,,,,
833.8,0.00396840,,,,,,,,,,
834,0.00387560,,,,,,,,,,
834.2,0.00386310,,,,,,,,,,
834.4,0.00406950,,,,,,,,,,
834.6,0.00392260,,,,,,,,,,
834.8,0.00399100,,,,,,,,,,
835,0.00400840,,,,,,,,,,
835.2,0.00228070,,,,,,,,,,
835.4,0.00213520,,,,,,,,,,
835.6,0.00247470,,,,,,,,,,
835.8,0.00286810,,,,,,,,,,
836,0.00332400,,,,,,,,,,
836.2,0.00385250,,,,,,,,,,
836.4,0.00427000,,,,,,,,,,
836.6,0.00435610,,,,,,,,,,
836.8,0.00444400,,,,,,,,,,
837,0.00453360,,,,,,,,,,
837.2,0.00462510,,,,,,,,,,
837.4,0.00471840,,,,,,,,,,
837.6,0.00482210,,,,,,,,,,
837.8,0.00492820,,,,,,,,,,
838,0.00503650,,,,,,,,,,
838.2,0.00514730,,,,,,,,,,
838.4,0.00526050,,,,,,,,,,
838.6,0.00540020,,,,,,,,,,
838.8,0.00555690,,,,,,,,,,
839,0.00571820,,,,,,,,,,
839.2,0.00588420,,,,,,,,,,
839.4,0.00605500,,,,,,,,,,
839.6,0.00623230,,,,,,,,,,
839.8,0.00641870,,,,,,,,,,
840,0.00661070,,,,,,,,,,
840.2,0.00680840,,,,,,,,,,
840.4,0.00701200,,,,,,,,,,
840.6,0.00722170,,,,,,,,,,
840.8,0.00747970,,,,,,,,,,
841,0.00774880,,,,,,,,,,
841.2,0.00802750,,,,,,,,,,
841.4,0.00831630,,,,,,,,,,
841.6,0.00861550,,,,,,,,,,
841.8,0.00896320,,,,,,,,,,
842,0.00934960,,,,,,,,,,
842.2,0.00975270,,,,,,,,,,
842.4,0.01017300,,,,,,,,,,
842.6,0.01061200,,,,,,,,,,
842.8,0.01107800,,,,,,,,,,
843,0.01159000,,,,,,,,,,
843.2,0.01212600,,,,,,,,,,
843.4,0.01268600,,,,,,,,,,
843.6,0.01327200,,,,,,,,,,
843.8,0.01388600,,,,,,,,,,
844,0.01457200,,,,,,,,,,
844.2,0.01529700,,,,,,,,,,
844.4,0.01605700,,,,,,,,,,
844.6,0.01685600,,,,,,,,,,
844.8,0.01769400,,,,,,,,,,
845,0.01875600,,,,,,,,,,
845.2,0.01923800,,,,,,,,,,
845.4,0.01973200,,,,,,,,,,
845.6,0.02023900,,,,,,,,,,
845.8,0.02131600,,,,,,,,,,
846,0.02255400,,,,,,,,,,
846.2,0.02379000,,,,,,,,,,
846.4,0.02525200,,,,,,,,,,
846.6,0.02662500,,,,,,,,,,
846.8,0.02822800,,,,,,,,,,
847,0.02973400,,,,,,,,,,
847.2,0.03168500,,,,,,,,,,
847.4,0.03373000,,,,,,,,,,
847.6,0.03542100,,,,,,,,,,
847.8,0.03799300,,,,,,,,,,
848,0.04007100,,,,,,,,,,
848.2,0.04295200,,,,,,,,,,
848.4,0.04603400,,,,,,,,,,
848.6,0.04866400,,,,,,,,,,
848.8,0.05223800,,,,,,,,,,
849,0.05549300,,,,,,,,,,
849.2,0.06011100,,,,,,,,,,
849.4,0.06392600,,,,,,,,,,
849.6,0.06846600,,,,,,,,,,
849.8,0.07273000,,,,,,,,,,
850,0.07911600,,,,,,,,,,
850.2,0.08548400,,,,,,,,,,
850.4,0.09215800,,,,,,,,,,
850.6,0.09890100,,,,,,,,,,
850.8,0.10600000,,,,,,,,,,
851,0.11600000,,,,,,,,,,
851.2,0.12500000,,,,,,,,,,
851.4,0.13600000,,,,,,,,,,
851.6,0.14700000,,,,,,,,,,
851.8,0.16000000,,,,,,,,,,
852,0.17500000,,,,,,,,,,
852.2,0.19000000,,,,,,,,,,
852.4,0.20900000,,,,,,,,,,
852.6,0.22900000,,,,,,,,,,
852.8,0.25000000,,,,,,,,,,
853,0.27500000,,,,,,,,,,
853.2,0.30400000,,,,,,,,,,
853.4,0.33500000,,,,,,,,,,
853.6,0.37200000,,,,,,,,,,
853.8,0.41200000,,,,,,,,,,
854,0.45800000,,,,,,,,,,
854.2,0.51000000,,,,,,,,,,
854.4,0.57200000,,,,,,,,,,
854.6,0.64400000,,,,,,,,,,
854.8,0.72900000,,,,,,,,,,
855,0.82500000,,,,,,,,,,
855.2,0.92500000,,,,,,,,,,
855.4,1.03600000,,,,,,,,,,
855.6,1.16200000,,,,,,,,,,
855.8,1.32200000,,,,,,,,,,
856,1.53500000,,,,,,,,,,
856.2,1.78900000,,,,,,,,,,
856.4,2.10600000,,,,,,,,,,
856.6,2.49300000,,,,,,,,,,
856.8,2.98200000,,,,,,,,,,
857,3.59100000,,,,,,,,,,
857.2,4.37000000,,,,,,,,,,
857.4,5.36000000,,,,,,,,,,
857.6,6.63300000,,,,,,,,,,
857.8,8.28200000,,,,,,,,,,
858,10.35600000,,,,,,,,,,
858.2,12.94200000,,,,,,,,,,
858.4,15.94500000,,,,,,,,,,
858.6,19.11000000,,,,,,,,,,
858.8,21.91500000,,,,,,,,,,
859,23.57900000,,,,,,,,,,
859.2,23.75300000,,,,,,,,,,
859.4,22.45200000,,,,,,,,,,
859.6,20.27000000,,,,,,,,,,
859.8,17.75100000,,,,,,,,,,
860,15.34000000,,,,,,,,,,
860.2,13.22700000,,,,,,,,,,
860.4,11.41900000,,,,,,,,,,
860.6,9.94700000,,,,,,,,,,
860.8,8.74800000,,,,,,,,,,
861,7.75500000,,,,,,,,,,
861.2,6.93900000,,,,,,,,,,
861.4,6.27000000,,,,,,,,,,
861.6,5.71700000,,,,,,,,,,
861.8,5.24200000,,,,,,,,,,
862,4.85000000,,,,,,,,,,
862.2,4.52000000,,,,,,,,,,
862.4,4.23500000,,,,,,,,,,
862.6,3.99600000,,,,,,,,,,
862.8,3.79100000,,,,,,,,,,
863,3.61500000,,,,,,,,,,
863.2,3.46500000,,,,,,,,,,
863.4,3.33300000,,,,,,,,,,
863.6,3.22200000,,,,,,,,,,
863.8,3.12600000,,,,,,,,,,
864,3.04300000,,,,,,,,,,
864.2,2.97900000,,,,,,,,,,
864.4,2.92700000,,,,,,,,,,
864.6,2.87700000,,,,,,,,,,
864.8,2.84100000,,,,,,,,,,
865,2.81900000,,,,,,,,,,
865.2,2.81400000,,,,,,,,,,
865.4,2.81000000,,,,,,,,,,
865.6,2.80500000,,,,,,,,,,
865.8,2.81200000,,,,,,,,,,
866,2.82700000,,,,,,,,,,
866.2,2.84600000,,,,,,,,,,
866.4,2.87600000,,,,,,,,,,
866.6,2.91200000,,,,,,,,,,
866.8,2.95700000,,,,,,,,,,
867,3.01200000,,,,,,,,,,
867.2,3.07000000,,,,,,,,,,
867.4,3.14400000,,,,,,,,,,
867.6,3.22500000,,,,,,,,,,
867.8,3.31500000,,,,,,,,,,
868,3.42100000,,,,,,,,,,
868.2,3.53400000,,,,,,,,,,
868.4,3.66200000,,,,,,,,,,
868.6,3.80100000,,,,,,,,,,
868.8,3.96100000,,,,,,,,,,
869,4.14000000,,,,,,,,,,
869.2,4.33100000,,,,,,,,,,
869.4,4.55100000,,,,,,,,,,
869.6,4.79700000,,,,,,,,,,
869.8,5.06700000,,,,,,,,,,
870,5.36800000,,,,,,,,,,
870.2,5.70800000,,,,,,,,,,
870.4,6.07700000,,,,,,,,,,
870.6,6.50400000,,,,,,,,,,
870.8,6.98500000,,,,,,,,,,
871,7.52500000,,,,,,,,,,
871.2,8.13300000,,,,,,,,,,
871.4,8.81900000,,,,,,,,,,
871.6,9.60500000,,,,,,,,,,
871.8,10.51500000,,,,,,,,,,
872,11.55600000,,,,,,,,,,
872.2,12.75600000,,,,,,,,,,
872.4,14.14800000,,,,,,,,,,
872.6,15.77000000,,,,,,,,,,
872.8,17.67000000,,,,,,,,,,
873,19.89800000,,,,,,,,,,
873.2,22.50300000,,,,,,,,,,
873.4,25.61700000,,,,,,,,,,
873.6,29.27400000,,,,,,,,,,
873.8,33.61400000,,,,,,,,,,
874,38.68900000,,,,,,,,,,
874.2,44.58800000,,,,,,,,,,
874.4,51.33500000,,,,,,,,,,
874.6,58.89300000,,,,,,,,,,
874.8,66.92800000,,,,,,,,,,
875,74.91400000,,,,,,,,,,
875.2,79.38200000,,,,,,,,,,
875.4,84.11500000,,,,,,,,,,
875.6,89.13100000,,,,,,,,,,
875.8,91.38900000,,,,,,,,,,
876,89.21400000,,,,,,,,,,
876.2,84.65900000,,,,,,,,,,
876.4,78.61400000,,,,,,,,,,
876.6,71.95100000,,,,,,,,,,
876.8,65.09600000,,,,,,,,,,
877,58.65900000,,,,,,,,,,
877.2,52.74300000,,,,,,,,,,
877.4,47.49800000,,,,,,,,,,
877.6,42.88300000,,,,,,,,,,
877.8,38.83500000,,,,,,,,,,
878,35.34600000,,,,,,,,,,
878.2,32.33300000,,,,,,,,,,
878.4,29.70000000,,,,,,,,,,
878.6,27.43600000,,,,,,,,,,
878.8,25.48800000,,,,,,,,,,
879,23.78100000,,,,,,,,,,
879.2,22.30000000,,,,,,,,,,
879.4,20.99600000,,,,,,,,,,
879.6,19.85900000,,,,,,,,,,
879.8,18.84400000,,,,,,,,,,
880,17.97100000,,,,,,,,,,
880.2,17.21200000,,,,,,,,,,
880.4,16.50900000,,,,,,,,,,
880.6,15.91700000,,,,,,,,,,
880.8,15.38000000,,,,,,,,,,
881,14.92300000,,,,,,,,,,
881.2,14.53600000,,,,,,,,,,
881.4,14.19000000,,,,,,,,,,
881.6,13.89100000,,,,,,,,,,
881.8,13.63700000,,,,,,,,,,
882,13.41800000,,,,,,,,,,
882.2,13.24000000,,,,,,,,,,
882.4,13.10100000,,,,,,,,,,
882.6,13.00200000,,,,,,,,,,
882.8,12.92800000,,,,,,,,,,
883,12.88800000,,,,,,,,,,
883.2,12.87500000,,,,,,,,,,
883.4,12.88900000,,,,,,,,,,
883.6,12.94000000,,,,,,,,,,
883.8,13.01300000,,,,,,,,,,
884,13.12200000,,,,,,,,,,
884.2,13.25400000,,,,,,,,,,
884.4,13.42000000,,,,,,,,,,
884.6,13.62600000,,,,,,,,,,
884.8,13.85500000,,,,,,,,,,
885,14.12100000,,,,,,,,,,
885.2,14.43900000,,,,,,,,,,
885.4,14.76500000,,,,,,,,,,
885.6,15.09800000,,,,,,,,,,
885.8,15.47400000,,,,,,,,,,
886,15.92200000,,,,,,,,,,
886.2,16.43800000,,,,,,,,,,
886.4,16.96100000,,,,,,,,,,
886.6,17.56200000,,,,,,,,,,
886.8,18.22100000,,,,,,,,,,
887,18.93100000,,,,,,,,,,
887.2,19.72400000,,,,,,,,,,
887.4,20.59200000,,,,,,,,,,
887.6,21.53500000,,,,,,,,,,
887.8,22.58700000,,,,,,,,,,
888,23.71600000,,,,,,,,,,
888.2,24.97400000,,,,,,,,,,
888.4,26.31800000,,,,,,,,,,
888.6,27.81800000,,,,,,,,,,
888.8,29.46500000,,,,,,,,,,
889,31.24000000,,,,,,,,,,
889.2,33.18300000,,,,,,,,,,
889.4,35.28000000,,,,,,,,,,
889.6,37.56900000,,,,,,,,,,
889.8,40.05000000,,,,,,,,,,
890,42.73700000,,,,,,,,,,
890.2,45.59900000,,,,,,,,,,
890.4,48.58600000,,,,,,,,,,
890.6,51.77600000,,,,,,,,,,
890.8,55.04500000,,,,,,,,,,
891,58.38700000,,,,,,,,,,
891.2,61.71000000,,,,,,,,,,
891.4,64.90200000,,,,,,,,,,
891.6,67.94300000,,,,,,,,,,
891.8,70.63900000,,,,,,,,,,
892,72.82100000,,,,,,,,,,
892.2,74.40200000,,,,,,,,,,
892.4,75.42200000,,,,,,,,,,
892.6,75.65000000,,,,,,,,,,
892.8,75.09700000,,,,,,,,,,
893,73.86100000,,,,,,,,,,
893.2,71.95800000,,,,,,,,,,
893.4,69.54000000,,,,,,,,,,
893.6,66.62400000,,,,,,,,,,
893.8,63.39900000,,,,,,,,,,
894,60.03800000,,,,,,,,,,
894.2,56.60700000,,,,,,,,,,
894.4,53.13900000,,,,,,,,,,
894.6,49.74200000,,,,,,,,,,
894.8,46.52200000,,,,,,,,,,
895,43.40200000,,,,,,,,,,
895.2,40.51300000,,,,,,,,,,
895.4,37.81700000,,,,,,,,,,
895.6,35.29900000,,,,,,,,,,
895.8,32.93800000,,,,,,,,,,
896,30.77100000,,,,,,,,,,
896.2,28.77500000,,,,,,,,,,
896.4,26.93900000,,,,,,,,,,
896.6,25.24300000,,,,,,,,,,
896.8,23.67900000,,,,,,,,,,
897,22.25800000,,,,,,,,,,
897.2,20.92300000,,,,,,,,,,
897.4,19.71900000,,,,,,,,,,
897.6,18.61800000,,,,,,,,,,
897.8,17.60700000,,,,,,,,,,
898,16.67400000,,,,,,,,,,
898.2,15.80700000,,,,,,,,,,
898.4,15.00700000,,,,,,,,,,
898.6,14.27200000,,,,,,,,,,
898.8,13.58900000,,,,,,,,,,
899,12.95600000,,,,,,,,,,
899.2,12.37600000,,,,,,,,,,
899.4,11.83100000,,,,,,,,,,
899.6,11.32300000,,,,,,,,,,
899.8,10.85800000,,,,,,,,,,
900,10.42700000,,,,,,,,,,
900.2,10.02800000,,,,,,,,,,
900.4,9.63600000,,,,,,,,,,
900.6,9.28100000,,,,,,,,,,
900.8,8.94300000,,,,,,,,,,
901,8.63500000,,,,,,,,,,
901.2,8.33500000,,,,,,,,,,
901.4,8.06500000,,,,,,,,,,
901.6,7.80800000,,,,,,,,,,
901.8,7.57500000,,,,,,,,,,
902,7.34200000,,,,,,,,,,
902.2,7.13300000,,,,,,,,,,
902.4,6.93800000,,,,,,,,,,
902.6,6.74600000,,,,,,,,,,
902.8,6.56900000,,,,,,,,,,
903,6.39800000,,,,,,,,,,
903.2,6.24800000,,,,,,,,,,
903.4,6.09600000,,,,,,,,,,
903.6,5.96100000,,,,,,,,,,
903.8,5.82700000,,,,,,,,,,
904,5.70500000,,,,,,,,,,
904.2,5.58900000,,,,,,,,,,
904.4,5.48100000,,,,,,,,,,
904.6,5.37900000,,,,,,,,,,
904.8,5.28600000,,,,,,,,,,
905,5.19700000,,,,,,,,,,
905.2,5.13400000,,,,,,,,,,
905.4,5.07200000,,,,,,,,,,
905.6,5.01100000,,,,,,,,,,
905.8,4.94200000,,,,,,,,,,
906,4.88000000,,,,,,,,,,
906.2,4.82100000,,,,,,,,,,
906.4,4.76300000,,,,,,,,,,
906.6,4.71100000,,,,,,,,,,
906.8,4.66400000,,,,,,,,,,
907,4.61600000,,,,,,,,,,
907.2,4.58000000,,,,,,,,,,
907.4,4.54600000,,,,,,,,,,
907.6,4.51700000,,,,,,,,,,
907.8,4.48400000,,,,,,,,,,
908,4.46000000,,,,,,,,,,
908.2,4.44000000,,,,,,,,,,
908.4,4.42300000,,,,,,,,,,
908.6,4.41100000,,,,,,,,,,
908.8,4.39900000,,,,,,,,,,
909,4.39300000,,,,,,,,,,
909.2,4.38700000,,,,,,,,,,
909.4,4.39200000,,,,,,,,,,
909.6,4.39800000,,,,,,,,,,
909.8,4.40700000,,,,,,,,,,
910,4.42500000,,,,,,,,,,
910.2,4.44100000,,,,,,,,,,
910.4,4.45600000,,,,,,,,,,
910.6,4.48000000,,,,,,,,,,
910.8,4.49900000,,,,,,,,,,
911,4.53100000,,,,,,,,,,
911.2,4.56600000,,,,,,,,,,
911.4,4.60100000,,,,,,,,,,
911.6,4.64400000,,,,,,,,,,
911.8,4.69000000,,,,,,,,,,
912,4.74400000,,,,,,,,,,
912.2,4.80100000,,,,,,,,,,
912.4,4.85400000,,,,,,,,,,
912.6,4.91900000,,,,,,,,,,
912.8,4.99200000,,,,,,,,,,
913,5.06100000,,,,,,,,,,
913.2,5.13900000,,,,,,,,,,
913.4,5.23300000,,,,,,,,,,
913.6,5.31800000,,,,,,,,,,
913.8,5.41600000,,,,,,,,,,
914,5.52000000,,,,,,,,,,
914.2,5.62800000,,,,,,,,,,
914.4,5.74300000,,,,,,,,,,
914.6,5.86800000,,,,,,,,,,
914.8,5.99800000,,,,,,,,,,
915,6.14700000,,,,,,,,,,
915.2,6.28400000,,,,,,,,,,
915.4,6.42400000,,,,,,,,,,
915.6,6.56700000,,,,,,,,,,
915.8,6.72300000,,,,,,,,,,
916,6.90500000,,,,,,,,,,
916.2,7.10600000,,,,,,,,,,
916.4,7.31400000,,,,,,,,,,
916.6,7.52400000,,,,,,,,,,
916.8,7.75900000,,,,,,,,,,
917,8.00100000,,,,,,,,,,
917.2,8.25500000,,,,,,,,,,
917.4,8.53300000,,,,,,,,,,
917.6,8.81700000,,,,,,,,,,
917.8,9.10600000,,,,,,,,,,
918,9.43500000,,,,,,,,,,
918.2,9.75800000,,,,,,,,,,
918.4,10.11200000,,,,,,,,,,
918.6,10.47200000,,,,,,,,,,
918.8,10.84700000,,,,,,,,,,
919,11.25500000,,,,,,,,,,
919.2,11.67400000,,,,,,,,,,
919.4,12.10300000,,,,,,,,,,
919.6,12.56200000,,,,,,,,,,
919.8,13.03000000,,,,,,,,,,
920,13.51500000,,,,,,,,,,
920.2,14.00800000,,,,,,,,,,
920.4,14.50300000,,,,,,,,,,
920.6,15.01000000,,,,,,,,,,
920.8,15.52700000,,,,,,,,,,
921,16.05900000,,,,,,,,,,
921.2,16.59100000,,,,,,,,,,
921.4,17.12000000,,,,,,,,,,
921.6,17.65000000,,,,,,,,,,
921.8,18.16200000,,,,,,,,,,
922,18.63400000,,,,,,,,,,
922.2,19.10400000,,,,,,,,,,
922.4,19.53400000,,,,,,,,,,
922.6,19.97100000,,,,,,,,,,
922.8,20.33000000,,,,,,,,,,
923,20.67900000,,,,,,,,,,
923.2,20.97000000,,,,,,,,,,
923.4,21.21400000,,,,,,,,,,
923.6,21.41000000,,,,,,,,,,
923.8,21.54100000,,,,,,,,,,
924,21.64700000,,,,,,,,,,
924.2,21.69900000,,,,,,,,,,
924.4,21.69200000,,,,,,,,,,
924.6,21.63200000,,,,,,,,,,
924.8,21.55300000,,,,,,,,,,
925,21.41100000,,,,,,,,,,
925.2,21.17900000,,,,,,,,,,
925.4,20.95000000,,,,,,,,,,
925.6,20.72400000,,,,,,,,,,
925.8,20.45100000,,,,,,,,,,
926,20.16200000,,,,,,,,,,
926.2,19.84800000,,,,,,,,,,
926.4,19.51300000,,,,,,,,,,
926.6,19.16700000,,,,,,,,,,
926.8,18.83500000,,,,,,,,,,
927,18.49300000,,,,,,,,,,
927.2,18.14400000,,,,,,,,,,
927.4,17.80000000,,,,,,,,,,
927.6,17.47600000,,,,,,,,,,
927.8,17.14600000,,,,,,,,,,
928,16.83600000,,,,,,,,,,
928.2,16.53100000,,,,,,,,,,
928.4,16.24500000,,,,,,,,,,
928.6,15.94900000,,,,,,,,,,
928.8,15.67300000,,,,,,,,,,
929,15.40900000,,,,,,,,,,
929.2,15.15300000,,,,,,,,,,
929.4,14.91600000,,,,,,,,,,
929.6,14.69500000,,,,,,,,,,
929.8,14.49500000,,,,,,,,,,
930,14.30400000,,,,,,,,,,
930.2,14.12500000,,,,,,,,,,
930.4,13.95100000,,,,,,,,,,
930.6,13.78900000,,,,,,,,,,
930.8,13.62700000,,,,,,,,,,
931,13.50200000,,,,,,,,,,
931.2,13.37700000,,,,,,,,,,
931.4,13.26600000,,,,,,,,,,
931.6,13.16400000,,,,,,,,,,
931.8,13.07900000,,,,,,,,,,
932,13.00600000,,,,,,,,,,
932.2,12.94600000,,,,,,,,,,
932.4,12.90000000,,,,,,,,,,
932.6,12.84600000,,,,,,,,,,
932.8,12.82300000,,,,,,,,,,
933,12.81100000,,,,,,,,,,
933.2,12.79900000,,,,,,,,,,
933.4,12.80600000,,,,,,,,,,
933.6,12.83200000,,,,,,,,,,
933.8,12.85900000,,,,,,,,,,
934,12.88400000,,,,,,,,,,
934.2,12.94600000,,,,,,,,,,
934.4,13.00500000,,,,,,,,,,
934.6,13.07900000,,,,,,,,,,
934.8,13.17800000,,,,,,,,,,
935,13.26500000,,,,,,,,,,
935.2,13.41100000,,,,,,,,,,
935.4,13.55800000,,,,,,,,,,
935.6,13.70700000,,,,,,,,,,
935.8,13.82500000,,,,,,,,,,
936,13.98900000,,,,,,,,,,
936.2,14.16700000,,,,,,,,,,
936.4,14.36100000,,,,,,,,,,
936.6,14.56800000,,,,,,,,,,
936.8,14.80500000,,,,,,,,,,
937,15.04400000,,,,,,,,,,
937.2,15.30000000,,,,,,,,,,
937.4,15.58900000,,,,,,,,,,
937.6,15.87100000,,,,,,,,,,
937.8,16.17900000,,,,,,,,,,
938,16.53500000,,,,,,,,,,
938.2,16.89400000,,,,,,,,,,
938.4,17.28000000,,,,,,,,,,
938.6,17.66800000,,,,,,,,,,
938.8,18.12200000,,,,,,,,,,
939,18.56700000,,,,,,,,,,
939.2,19.02300000,,,,,,,,,,
939.4,19.54000000,,,,,,,,,,
939.6,20.08200000,,,,,,,,,,
939.8,20.65600000,,,,,,,,,,
940,21.25200000,,,,,,,,,,
940.2,21.91800000,,,,,,,,,,
940.4,22.57000000,,,,,,,,,,
940.6,23.25300000,,,,,,,,,,
940.8,24.01700000,,,,,,,,,,
941,24.80600000,,,,,,,,,,
941.2,25.64900000,,,,,,,,,,
941.4,26.54000000,,,,,,,,,,
941.6,27.47600000,,,,,,,,,,
941.8,28.45000000,,,,,,,,,,
942,29.50300000,,,,,,,,,,
942.2,30.56100000,,,,,,,,,,
942.4,31.70800000,,,,,,,,,,
942.6,32.88000000,,,,,,,,,,
942.8,34.14000000,,,,,,,,,,
943,35.48600000,,,,,,,,,,
943.2,36.83100000,,,,,,,,,,
943.4,38.26700000,,,,,,,,,,
943.6,39.74500000,,,,,,,,,,
943.8,41.29700000,,,,,,,,,,
944,42.94300000,,,,,,,,,,
944.2,44.61800000,,,,,,,,,,
944.4,46.42900000,,,,,,,,,,
944.6,48.18100000,,,,,,,,,,
944.8,50.05000000,,,,,,,,,,
945,51.95400000,,,,,,,,,,
945.2,54.15000000,,,,,,,,,,
945.4,56.43800000,,,,,,,,,,
945.6,58.82400000,,,,,,,,,,
945.8,61.06900000,,,,,,,,,,
946,62.99600000,,,,,,,,,,
946.2,65.22100000,,,,,,,,,,
946.4,67.15600000,,,,,,,,,,
946.6,69.12600000,,,,,,,,,,
946.8,71.01000000,,,,,,,,,,
947,72.93700000,,,,,,,,,,
947.2,74.78400000,,,,,,,,,,
947.4,76.44400000,,,,,,,,,,
947.6,78.14400000,,,,,,,,,,
947.8,79.66100000,,,,,,,,,,
948,80.93900000,,,,,,,,,,
948.2,82.27600000,,,,,,,,,,
948.4,83.61200000,,,,,,,,,,
948.6,84.46500000,,,,,,,,,,
948.8,85.29000000,,,,,,,,,,
949,86.00100000,,,,,,,,,,
949.2,86.56800000,,,,,,,,,,
949.4,86.82100000,,,,,,,,,,
949.6,87.38900000,,,,,,,,,,
949.8,87.39000000,,,,,,,,,,
950,87.35800000,,,,,,,,,,
950.2,87.42400000,,,,,,,,,,
950.4,87.13700000,,,,,,,,,,
950.6,86.72100000,,,,,,,,,,
950.8,86.26100000,,,,,,,,,,
951,85.79700000,,,,,,,,,,
951.2,85.21600000,,,,,,,,,,
951.4,84.55600000,,,,,,,,,,
951.6,83.86600000,,,,,,,,,,
951.8,83.22700000,,,,,,,,,,
952,82.46500000,,,,,,,,,,
952.2,81.55600000,,,,,,,,,,
952.4,80.99000000,,,,,,,,,,
952.6,80.10700000,,,,,,,,,,
952.8,79.26500000,,,,,,,,,,
953,78.55400000,,,,,,,,,,
953.2,77.77300000,,,,,,,,,,
953.4,76.96100000,,,,,,,,,,
953.6,76.22100000,,,,,,,,,,
953.8,75.55400000,,,,,,,,,,
954,74.78000000,,,,,,,,,,
954.2,74.08500000,,,,,,,,,,
954.4,73.30000000,,,,,,,,,,
954.6,72.87700000,,,,,,,,,,
954.8,72.21600000,,,,,,,,,,
955,71.60900000,,,,,,,,,,
955.2,71.01700000,,,,,,,,,,
955.4,70.43100000,,,,,,,,,,
955.6,69.84900000,,,,,,,,,,
955.8,69.40200000,,,,,,,,,,
956,68.93600000,,,,,,,,,,
956.2,68.49500000,,,,,,,,,,
956.4,68.15000000,,,,,,,,,,
956.6,67.81500000,,,,,,,,,,
956.8,67.51300000,,,,,,,,,,
957,67.18800000,,,,,,,,,,
957.2,66.94700000,,,,,,,,,,
957.4,66.70100000,,,,,,,,,,
957.6,66.47800000,,,,,,,,,,
957.8,66.30700000,,,,,,,,,,
958,66.17500000,,,,,,,,,,
958.2,66.08800000,,,,,,,,,,
958.4,66.01700000,,,,,,,,,,
958.6,65.89900000,,,,,,,,,,
958.8,65.79600000,,,,,,,,,,
959,65.79700000,,,,,,,,,,
959.2,65.78600000,,,,,,,,,,
959.4,65.76800000,,,,,,,,,,
959.6,65.82100000,,,,,,,,,,
959.8,65.87400000,,,,,,,,,,
960,65.99200000,,,,,,,,,,
960.2,66.14500000,,,,,,,,,,
960.4,66.14000000,,,,,,,,,,
960.6,66.23900000,,,,,,,,,,
960.8,66.34000000,,,,,,,,,,
961,66.43700000,,,,,,,,,,
961.2,66.63800000,,,,,,,,,,
961.4,66.79600000,,,,,,,,,,
961.6,67.00200000,,,,,,,,,,
961.8,67.20900000,,,,,,,,,,
962,67.46400000,,,,,,,,,,
962.2,67.67300000,,,,,,,,,,
962.4,67.85800000,,,,,,,,,,
962.6,68.13800000,,,,,,,,,,
962.8,68.36200000,,,,,,,,,,
963,68.57000000,,,,,,,,,,
963.2,68.82400000,,,,,,,,,,
963.4,69.08700000,,,,,,,,,,
963.6,69.40200000,,,,,,,,,,
963.8,69.73300000,,,,,,,,,,
964,70.01100000,,,,,,,,,,
964.2,70.32300000,,,,,,,,,,
964.4,70.57000000,,,,,,,,,,
964.6,70.97000000,,,,,,,,,,
964.8,71.30400000,,,,,,,,,,
965,71.64100000,,,,,,,,,,
965.2,71.99600000,,,,,,,,,,
965.4,72.35300000,,,,,,,,,,
965.6,72.71100000,,,,,,,,,,
965.8,73.11300000,,,,,,,,,,
966,73.42300000,,,,,,,,,,
966.2,73.72100000,,,,,,,,,,
966.4,74.11500000,,,,,,,,,,
966.6,74.47300000,,,,,,,,,,
966.8,74.82400000,,,,,,,,,,
967,75.15600000,,,,,,,,,,
967.2,75.47100000,,,,,,,,,,
967.4,75.85500000,,,,,,,,,,
967.6,76.19300000,,,,,,,,,,
967.8,76.57600000,,,,,,,,,,
968,76.85400000,,,,,,,,,,
968.2,77.22100000,,,,,,,,,,
968.4,77.56800000,,,,,,,,,,
968.6,77.96000000,,,,,,,,,,
968.8,78.33900000,,,,,,,,,,
969,78.69700000,,,,,,,,,,
969.2,79.02100000,,,,,,,,,,
969.4,79.36300000,,,,,,,,,,
969.6,79.66500000,,,,,,,,,,
969.8,80.02100000,,,,,,,,,,
970,80.44100000,,,,,,,,,,
970.2,80.78900000,,,,,,,,,,
970.4,81.10700000,,,,,,,,,,
970.6,81.37400000,,,,,,,,,,
970.8,81.68000000,,,,,,,,,,
971,81.97700000,,,,,,,,,,
971.2,82.34900000,,,,,,,,,,
971.4,82.58900000,,,,,,,,,,
971.6,82.88900000,,,,,,,,,,
971.8,83.19000000,,,,,,,,,,
972,83.41900000,,,,,,,,,,
972.2,83.72600000,,,,,,,,,,
972.4,83.96200000,,,,,,,,,,
972.6,84.19700000,,,,,,,,,,
972.8,84.36200000,,,,,,,,,,
973,84.59900000,,,,,,,,,,
973.2,84.84100000,,,,,,,,,,
973.4,85.06300000,,,,,,,,,,
973.6,85.13800000,,,,,,,,,,
973.8,85.30200000,,,,,,,,,,
974,85.40000000,,,,,,,,,,
974.2,85.53400000,,,,,,,,,,
974.4,85.64800000,,,,,,,,,,
974.6,85.74700000,,,,,,,,,,
974.8,85.86000000,,,,,,,,,,
975,85.92600000,,,,,,,,,,
975.2,85.92200000,,,,,,,,,,
975.4,85.91900000,,,,,,,,,,
975.6,85.91500000,,,,,,,,,,
975.8,85.84600000,,,,,,,,,,
976,85.85900000,,,,,,,,,,
976.2,85.75200000,,,,,,,,,,
976.4,85.64900000,,,,,,,,,,
976.6,85.55400000,,,,,,,,,,
976.8,85.39600000,,,,,,,,,,
977,85.32800000,,,,,,,,,,
977.2,85.16900000,,,,,,,,,,
977.4,84.94300000,,,,,,,,,,
977.6,84.74700000,,,,,,,,,,
977.8,84.50300000,,,,,,,,,,
978,84.33500000,,,,,,,,,,
978.2,84.01200000,,,,,,,,,,
978.4,83.79000000,,,,,,,,,,
978.6,83.55600000,,,,,,,,,,
978.8,83.31700000,,,,,,,,,,
979,83.00600000,,,,,,,,,,
979.2,82.73700000,,,,,,,,,,
979.4,82.39000000,,,,,,,,,,
979.6,82.12800000,,,,,,,,,,
979.8,81.89300000,,,,,,,,,,
980,81.62700000,,,,,,,,,,
980.2,81.34500000,,,,,,,,,,
980.4,80.90800000,,,,,,,,,,
980.6,80.51900000,,,,,,,,,,
980.8,80.18000000,,,,,,,,,,
981,79.91200000,,,,,,,,,,
981.2,79.62200000,,,,,,,,,,
981.4,79.30800000,,,,,,,,,,
981.6,78.97000000,,,,,,,,,,
981.8,78.71300000,,,,,,,,,,
982,78.38900000,,,,,,,,,,
982.2,78.10400000,,,,,,,,,,
982.4,77.87700000,,,,,,,,,,
982.6,77.54000000,,,,,,,,,,
982.8,77.25900000,,,,,,,,,,
983,76.98700000,,,,,,,,,,
983.2,76.75800000,,,,,,,,,,
983.4,76.49200000,,,,,,,,,,
983.6,76.30000000,,,,,,,,,,
983.8,76.12000000,,,,,,,,,,
984,75.86100000,,,,,,,,,,
984.2,75.60800000,,,,,,,,,,
984.4,75.52700000,,,,,,,,,,
984.6,75.43000000,,,,,,,,,,
984.8,75.30200000,,,,,,,,,,
985,75.21800000,,,,,,,,,,
985.2,75.08300000,,,,,,,,,,
985.4,74.94800000,,,,,,,,,,
985.6,74.81400000,,,,,,,,,,
985.8,74.79800000,,,,,,,,,,
986,74.75100000,,,,,,,,,,
986.2,74.76500000,,,,,,,,,,
986.4,74.75800000,,,,,,,,,,
986.6,74.77700000,,,,,,,,,,
986.8,74.83900000,,,,,,,,,,
987,74.95500000,,,,,,,,,,
987.2,75.05400000,,,,,,,,,,
987.4,75.14500000,,,,,,,,,,
987.6,75.29700000,,,,,,,,,,
987.8,75.46600000,,,,,,,,,,
988,75.63500000,,,,,,,,,,
988.2,75.84300000,,,,,,,,,,
988.4,76.10200000,,,,,,,,,,
988.6,76.34800000,,,,,,,,,,
988.8,76.63600000,,,,,,,,,,
989,76.95400000,,,,,,,,,,
989.2,77.26500000,,,,,,,,,,
989.4,77.63700000,,,,,,,,,,
989.6,77.99200000,,,,,,,,,,
989.8,78.34800000,,,,,,,,,,
990,78.82400000,,,,,,,,,,
990.2,79.29700000,,,,,,,,,,
990.4,79.62500000,,,,,,,,,,
990.6,80.07800000,,,,,,,,,,
990.8,80.55900000,,,,,,,,,,
991,80.99200000,,,,,,,,,,
991.2,81.51900000,,,,,,,,,,
991.4,82.07900000,,,,,,,,,,
991.6,82.63100000,,,,,,,,,,
991.8,83.08600000,,,,,,,,,,
992,83.68800000,,,,,,,,,,
992.2,84.26700000,,,,,,,,,,
992.4,84.80200000,,,,,,,,,,
992.6,85.37300000,,,,,,,,,,
992.8,85.92700000,,,,,,,,,,
993,86.49300000,,,,,,,,,,
993.2,87.08900000,,,,,,,,,,
993.4,87.67000000,,,,,,,,,,
993.6,88.20600000,,,,,,,,,,
993.8,88.74900000,,,,,,,,,,
994,89.26900000,,,,,,,,,,
994.2,89.78500000,,,,,,,,,,
994.4,90.29200000,,,,,,,,,,
994.6,90.73400000,,,,,,,,,,
994.8,91.18700000,,,,,,,,,,
995,91.59600000,,,,,,,,,,
995.2,92.00000000,,,,,,,,,,
995.4,92.40400000,,,,,,,,,,
995.6,92.81100000,,,,,,,,,,
995.8,93.13000000,,,,,,,,,,
996,93.34400000,,,,,,,,,,
996.2,93.50700000,,,,,,,,,,
996.4,93.60400000,,,,,,,,,,
996.6,93.66900000,,,,,,,,,,
996.8,93.69300000,,,,,,,,,,
997,93.61000000,,,,,,,,,,
997.2,93.49200000,,,,,,,,,,
997.4,93.29800000,,,,,,,,,,
997.6,93.07800000,,,,,,,,,,
997.8,92.76300000,,,,,,,,,,
998,92.45700000,,,,,,,,,,
998.2,91.99900000,,,,,,,,,,
998.4,91.54000000,,,,,,,,,,
998.6,91.01100000,,,,,,,,,,
998.8,90.45900000,,,,,,,,,,
999,89.83200000,,,,,,,,,,
999.2,89.16900000,,,,,,,,,,
999.4,88.36700000,,,,,,,,,,
999.6,87.61300000,,,,,,,,,,
999.8,86.80600000,,,,,,,,,,
1000,85.94400000,,,,,,,,,,
1000.2,84.99600000,,,,,,,,,,
1000.4,84.01100000,,,,,,,,,,
1000.6,83.05800000,,,,,,,,,,
1000.8,82.00200000,,,,,,,,,,
1001,80.91100000,,,,,,,,,,
1001.2,79.88600000,,,,,,,,,,
1001.4,78.83200000,,,,,,,,,,
1001.6,77.74800000,,,,,,,,,,
1001.8,76.64300000,,,,,,,,,,
1002,75.48600000,,,,,,,,,,
1002.2,74.35900000,,,,,,,,,,
1002.4,73.29200000,,,,,,,,,,
1002.6,72.15100000,,,,,,,,,,
1002.8,70.96300000,,,,,,,,,,
1003,69.87700000,,,,,,,,,,
1003.2,68.76100000,,,,,,,,,,
1003.4,67.64200000,,,,,,,,,,
1003.6,66.58100000,,,,,,,,,,
1003.8,65.53700000,,,,,,,,,,
1004,64.46400000,,,,,,,,,,
1004.2,63.47100000,,,,,,,,,,
1004.4,62.42800000,,,,,,,,,,
1004.6,61.47400000,,,,,,,,,,
1004.8,60.59700000,,,,,,,,,,
1005,59.69200000,,,,,,,,,,
1005.2,60.43800000,,,,,,,,,,
1005.4,59.47100000,,,,,,,,,,
1005.6,58.55700000,,,,,,,,,,
1005.8,57.66100000,,,,,,,,,,
1006,56.73700000,,,,,,,,,,
1006.2,55.88700000,,,,,,,,,,
1006.4,55.05500000,,,,,,,,,,
1006.6,54.18300000,,,,,,,,,,
1006.8,53.41300000,,,,,,,,,,
1007,52.63500000,,,,,,,,,,
1007.2,51.86100000,,,,,,,,,,
1007.4,51.16100000,,,,,,,,,,
1007.6,50.45800000,,,,,,,,,,
1007.8,49.75300000,,,,,,,,,,
1008,49.13400000,,,,,,,,,,
1008.2,48.53100000,,,,,,,,,,
1008.4,47.89300000,,,,,,,,,,
1008.6,47.31800000,,,,,,,,,,
1008.8,46.71200000,,,,,,,,,,
1009,46.17000000,,,,,,,,,,
1009.2,45.69000000,,,,,,,,,,
1009.4,45.14700000,,,,,,,,,,
1009.6,44.64900000,,,,,,,,,,
1009.8,44.23700000,,,,,,,,,,
1010,43.79200000,,,,,,,,,,
1010.2,43.33400000,,,,,,,,,,
1010.4,42.93000000,,,,,,,,,,
1010.6,42.48900000,,,,,,,,,,
1010.8,42.15000000,,,,,,,,,,
1011,41.79100000,,,,,,,,,,
1011.2,41.40900000,,,,,,,,,,
1011.4,41.09000000,,,,,,,,,,
1011.6,40.78500000,,,,,,,,,,
1011.8,40.46200000,,,,,,,,,,
1012,40.18400000,,,,,,,,,,
1012.2,39.90600000,,,,,,,,,,
1012.4,39.63200000,,,,,,,,,,
1012.6,39.44100000,,,,,,,,,,
1012.8,39.23100000,,,,,,,,,,
1013,38.99400000,,,,,,,,,,
1013.2,38.81200000,,,,,,,,,,
1013.4,38.62100000,,,,,,,,,,
1013.6,38.43600000,,,,,,,,,,
1013.8,38.27500000,,,,,,,,,,
1014,38.12200000,,,,,,,,,,
1014.2,38.00800000,,,,,,,,,,
1014.4,37.92100000,,,,,,,,,,
1014.6,37.75700000,,,,,,,,,,
1014.8,37.65300000,,,,,,,,,,
1015,37.55600000,,,,,,,,,,
1015.2,37.45100000,,,,,,,,,,
1015.4,37.41600000,,,,,,,,,,
1015.6,37.35400000,,,,,,,,,,
1015.8,37.25200000,,,,,,,,,,
1016,37.25300000,,,,,,,,,,
1016.2,37.16200000,,,,,,,,,,
1016.4,37.17700000,,,,,,,,,,
1016.6,37.20100000,,,,,,,,,,
1016.8,37.18000000,,,,,,,,,,
1017,37.24100000,,,,,,,,,,
1017.2,37.29100000,,,,,,,,,,
1017.4,37.24300000,,,,,,,,,,
1017.6,37.34400000,,,,,,,,,,
1017.8,37.35700000,,,,,,,,,,
1018,37.37700000,,,,,,,,,,
1018.2,37.47800000,,,,,,,,,,
1018.4,37.53500000,,,,,,,,,,
1018.6,37.60700000,,,,,,,,,,
1018.8,37.74100000,,,,,,,,,,
1019,37.80200000,,,,,,,,,,
1019.2,37.89900000,,,,,,,,,,
1019.4,38.02100000,,,,,,,,,,
1019.6,38.11900000,,,,,,,,,,
1019.8,38.27300000,,,,,,,,,,
1020,38.40200000,,,,,,,,,,
1020.2,38.52100000,,,,,,,,,,
1020.4,38.68400000,,,,,,,,,,
1020.6,38.87900000,,,,,,,,,,
1020.8,38.99400000,,,,,,,,,,
1021,39.19000000,,,,,,,,,,
1021.2,39.33800000,,,,,,,,,,
1021.4,39.52000000,,,,,,,,,,
1021.6,39.74400000,,,,,,,,,,
1021.8,39.92800000,,,,,,,,,,
1022,40.15000000,,,,,,,,,,
1022.2,40.37900000,,,,,,,,,,
1022.4,40.55900000,,,,,,,,,,
1022.6,40.86300000,,,,,,,,,,
1022.8,41.08700000,,,,,,,,,,
1023,41.29300000,,,,,,,,,,
1023.2,41.54100000,,,,,,,,,,
1023.4,41.78500000,,,,,,,,,,
1023.6,42.07800000,,,,,,,,,,
1023.8,42.37500000,,,,,,,,,,
1024,42.61200000,,,,,,,,,,
1024.2,42.91500000,,,,,,,,,,
1024.4,43.24300000,,,,,,,,,,
1024.6,43.47400000,,,,,,,,,,
1024.8,43.83500000,,,,,,,,,,
1025,43.97100000,,,,,,,,,,
1025.2,44.08100000,,,,,,,,,,
1025.4,44.41600000,,,,,,,,,,
1025.6,44.74200000,,,,,,,,,,
1025.8,45.01000000,,,,,,,,,,
1026,45.40800000,,,,,,,,,,
1026.2,45.83400000,,,,,,,,,,
1026.4,46.06400000,,,,,,,,,,
1026.6,46.44500000,,,,,,,,,,
1026.8,46.79800000,,,,,,,,,,
1027,47.11800000,,,,,,,,,,
1027.2,47.52600000,,,,,,,,,,
1027.4,47.90800000,,,,,,,,,,
1027.6,48.37500000,,,,,,,,,,
1027.8,48.76100000,,,,,,,,,,
1028,49.06800000,,,,,,,,,,
1028.2,49.56100000,,,,,,,,,,
1028.4,49.95000000,,,,,,,,,,
1028.6,50.29800000,,,,,,,,,,
1028.8,50.81000000,,,,,,,,,,
1029,51.18100000,,,,,,,,,,
1029.2,51.64200000,,,,,,,,,,
1029.4,52.10100000,,,,,,,,,,
1029.6,52.54600000,,,,,,,,,,
1029.8,53.00200000,,,,,,,,,,
1030,53.43500000,,,,,,,,,,
1030.2,53.88800000,,,,,,,,,,
1030.4,54.41000000,,,,,,,,,,
1030.6,54.82600000,,,,,,,,,,
1030.8,55.39900000,,,,,,,,,,
1031,55.91100000,,,,,,,,,,
1031.2,56.34600000,,,,,,,,,,
1031.4,56.84200000,,,,,,,,,,
1031.6,57.35100000,,,,,,,,,,
1031.8,57.94600000,,,,,,,,,,
1032,58.48000000,,,,,,,,,,
1032.2,58.88700000,,,,,,,,,,
1032.4,59.47100000,,,,,,,,,,
1032.6,60.02600000,,,,,,,,,,
1032.8,60.56300000,,,,,,,,,,
1033,61.13500000,,,,,,,,,,
1033.2,61.66400000,,,,,,,,,,
1033.4,62.21400000,,,,,,,,,,
1033.6,62.81600000,,,,,,,,,,
1033.8,63.33300000,,,,,,,,,,
1034,63.95100000,,,,,,,,,,
1034.2,64.46900000,,,,,,,,,,
1034.4,64.98600000,,,,,,,,,,
1034.6,65.63800000,,,,,,,,,,
1034.8,66.17400000,,,,,,,,,,
1035,66.76000000,,,,,,,,,,
1035.2,67.33600000,,,,,,,,,,
1035.4,67.86800000,,,,,,,,,,
1035.6,68.47900000,,,,,,,,,,
1035.8,69.00000000,,,,,,,,,,
1036,69.61400000,,,,,,,,,,
1036.2,70.21400000,,,,,,,,,,
1036.4,70.79100000,,,,,,,,,,
1036.6,71.37700000,,,,,,,,,,
1036.8,71.89100000,,,,,,,,,,
1037,72.51100000,,,,,,,,,,
1037.2,73.04900000,,,,,,,,,,
1037.4,73.56300000,,,,,,,,,,
1037.6,74.11200000,,,,,,,,,,
1037.8,74.69000000,,,,,,,,,,
1038,75.22700000,,,,,,,,,,
1038.2,75.83400000,,,,,,,,,,
1038.4,76.30500000,,,,,,,,,,
1038.6,76.74500000,,,,,,,,,,
1038.8,77.33300000,,,,,,,,,,
1039,77.79000000,,,,,,,,,,
1039.2,78.20300000,,,,,,,,,,
1039.4,78.71700000,,,,,,,,,,
1039.6,79.17500000,,,,,,,,,,
1039.8,79.67600000,,,,,,,,,,
1040,80.09700000,,,,,,,,,,
1040.2,80.48000000,,,,,,,,,,
1040.4,80.81900000,,,,,,,,,,
1040.6,81.21400000,,,,,,,,,,
1040.8,81.58200000,,,,,,,,,,
1041,81.98900000,,,,,,,,,,
1041.2,82.20600000,,,,,,,,,,
1041.4,82.46400000,,,,,,,,,,
1041.6,82.77100000,,,,,,,,,,
1041.8,83.07600000,,,,,,,,,,
1042,83.32300000,,,,,,,,,,
1042.2,83.57400000,,,,,,,,,,
1042.4,83.72600000,,,,,,,,,,
1042.6,83.91200000,,,,,,,,,,
1042.8,84.01000000,,,,,,,,,,
1043,84.16700000,,,,,,,,,,
1043.2,84.29100000,,,,,,,,,,
1043.4,84.40400000,,,,,,,,,,
1043.6,84.41400000,,,,,,,,,,
1043.8,84.47700000,,,,,,,,,,
1044,84.47700000,,,,,,,,,,
1044.2,84.44700000,,,,,,,,,,
1044.4,84.48300000,,,,,,,,,,
1044.6,84.45700000,,,,,,,,,,
1044.8,84.25700000,,,,,,,,,,
1045,84.31800000,,,,,,,,,,
1045.2,84.13800000,,,,,,,,,,
1045.4,84.12300000,,,,,,,,,,
1045.6,83.99300000,,,,,,,,,,
1045.8,83.67900000,,,,,,,,,,
1046,83.61300000,,,,,,,,,,
1046.2,83.34900000,,,,,,,,,,
1046.4,83.17500000,,,,,,,,,,
1046.6,82.87700000,,,,,,,,,,
1046.8,82.74500000,,,,,,,,,,
1047,82.39200000,,,,,,,,,,
1047.2,82.17400000,,,,,,,,,,
1047.4,81.98500000,,,,,,,,,,
1047.6,81.57600000,,,,,,,,,,
1047.8,81.32600000,,,,,,,,,,
1048,80.99200000,,,,,,,,,,
1048.2,80.80200000,,,,,,,,,,
1048.4,80.53100000,,,,,,,,,,
1048.6,80.15000000,,,,,,,,,,
1048.8,79.79400000,,,,,,,,,,
1049,79.57000000,,,,,,,,,,
1049.2,79.18400000,,,,,,,,,,
1049.4,78.78100000,,,,,,,,,,
1049.6,78.48100000,,,,,,,,,,
1049.8,78.12100000,,,,,,,,,,
1050,77.82100000,,,,,,,,,,
1050.2,77.47300000,,,,,,,,,,
1050.4,77.16500000,,,,,,,,,,
1050.6,76.82800000,,,,,,,,,,
1050.8,76.54400000,,,,,,,,,,
1051,76.16800000,,,,,,,,,,
1051.2,75.72400000,,,,,,,,,,
1051.4,75.50000000,,,,,,,,,,
1051.6,75.19300000,,,,,,,,,,
1051.8,74.92500000,,,,,,,,,,
1052,74.71600000,,,,,,,,,,
1052.2,74.34700000,,,,,,,,,,
1052.4,74.05500000,,,,,,,,,,
1052.6,73.81400000,,,,,,,,,,
1052.8,73.48500000,,,,,,,,,,
1053,73.27500000,,,,,,,,,,
1053.2,72.96700000,,,,,,,,,,
1053.4,72.79500000,,,,,,,,,,
1053.6,72.55900000,,,,,,,,,,
1053.8,72.29200000,,,,,,,,,,
1054,72.10000000,,,,,,,,,,
1054.2,71.77900000,,,,,,,,,,
1054.4,71.79400000,,,,,,,,,,
1054.6,71.42300000,,,,,,,,,,
1054.8,71.29500000,,,,,,,,,,
1055,71.18300000,,,,,,,,,,
1055.2,71.03500000,,,,,,,,,,
1055.4,70.95800000,,,,,,,,,,
1055.6,70.81200000,,,,,,,,,,
1055.8,70.62000000,,,,,,,,,,
1056,70.58200000,,,,,,,,,,
1056.2,70.42000000,,,,,,,,,,
1056.4,70.38400000,,,,,,,,,,
1056.6,70.34300000,,,,,,,,,,
1056.8,70.20600000,,,,,,,,,,
1057,70.14200000,,,,,,,,,,
1057.2,70.05800000,,,,,,,,,,
1057.4,70.04900000,,,,,,,,,,
1057.6,70.09100000,,,,,,,,,,
1057.8,69.97100000,,,,,,,,,,
1058,69.97900000,,,,,,,,,,
1058.2,69.88300000,,,,,,,,,,
1058.4,69.95900000,,,,,,,,,,
1058.6,69.97000000,,,,,,,,,,
1058.8,70.10500000,,,,,,,,,,
1059,70.02300000,,,,,,,,,,
1059.2,70.09100000,,,,,,,,,,
1059.4,70.16000000,,,,,,,,,,
1059.6,70.07400000,,,,,,,,,,
1059.8,70.29600000,,,,,,,,,,
1060,70.40000000,,,,,,,,,,
1060.2,70.48100000,,,,,,,,,,
1060.4,70.57400000,,,,,,,,,,
1060.6,70.55500000,,,,,,,,,,
1060.8,70.73400000,,,,,,,,,,
1061,70.85600000,,,,,,,,,,
1061.2,70.93000000,,,,,,,,,,
1061.4,70.99200000,,,,,,,,,,
1061.6,71.20300000,,,,,,,,,,
1061.8,71.26700000,,,,,,,,,,
1062,71.52100000,,,,,,,,,,
1062.2,71.59800000,,,,,,,,,,
1062.4,71.67700000,,,,,,,,,,
1062.6,71.75000000,,,,,,,,,,
1062.8,71.77100000,,,,,,,,,,
1063,72.09800000,,,,,,,,,,
1063.2,72.24900000,,,,,,,,,,
1063.4,72.41800000,,,,,,,,,,
1063.6,72.65700000,,,,,,,,,,
1063.8,72.62000000,,,,,,,,,,
1064,72.92000000,,,,,,,,,,
1064.2,73.12400000,,,,,,,,,,
1064.4,73.13500000,,,,,,,,,,
1064.6,73.32900000,,,,,,,,,,
1064.8,73.45700000,,,,,,,,,,
1065,73.61300000,,,,,,,,,,
1065.2,73.75800000,,,,,,,,,,
1065.4,73.83900000,,,,,,,,,,
1065.6,73.99700000,,,,,,,,,,
1065.8,74.11500000,,,,,,,,,,
1066,74.23200000,,,,,,,,,,
1066.2,74.34400000,,,,,,,,,,
1066.4,74.35800000,,,,,,,,,,
1066.6,74.55500000,,,,,,,,,,
1066.8,74.60100000,,,,,,,,,,
1067,74.66600000,,,,,,,,,,
1067.2,74.82800000,,,,,,,,,,
1067.4,74.89900000,,,,,,,,,,
1067.6,74.94000000,,,,,,,,,,
1067.8,74.96500000,,,,,,,,,,
1068,74.90200000,,,,,,,,,,
1068.2,74.97000000,,,,,,,,,,
1068.4,74.96600000,,,,,,,,,,
1068.6,74.98800000,,,,,,,,,,
1068.8,74.96000000,,,,,,,,,,
1069,75.03600000,,,,,,,,,,
1069.2,75.10700000,,,,,,,,,,
1069.4,74.97700000,,,,,,,,,,
1069.6,74.84700000,,,,,,,,,,
1069.8,75.11300000,,,,,,,,,,
1070,74.85400000,,,,,,,,,,
1070.2,74.82500000,,,,,,,,,,
1070.4,74.73000000,,,,,,,,,,
1070.6,74.65500000,,,,,,,,,,
1070.8,74.54300000,,,,,,,,,,
1071,74.41900000,,,,,,,,,,
1071.2,74.39200000,,,,,,,,,,
1071.4,74.37100000,,,,,,,,,,
1071.6,74.19300000,,,,,,,,,,
1071.8,74.06700000,,,,,,,,,,
1072,73.86100000,,,,,,,,,,
1072.2,73.75900000,,,,,,,,,,
1072.4,73.64400000,,,,,,,,,,
1072.6,73.44300000,,,,,,,,,,
1072.8,73.32000000,,,,,,,,,,
1073,73.08100000,,,,,,,,,,
1073.2,72.97900000,,,,,,,,,,
1073.4,72.91200000,,,,,,,,,,
1073.6,72.74700000,,,,,,,,,,
1073.8,72.49300000,,,,,,,,,,
1074,72.38100000,,,,,,,,,,
1074.2,72.15600000,,,,,,,,,,
1074.4,72.03100000,,,,,,,,,,
1074.6,71.79900000,,,,,,,,,,
1074.8,71.70300000,,,,,,,,,,
1075,71.42200000,,,,,,,,,,
1075.2,71.23600000,,,,,,,,,,
1075.4,71.20600000,,,,,,,,,,
1075.6,70.93900000,,,,,,,,,,
1075.8,70.71700000,,,,,,,,,,
1076,70.51900000,,,,,,,,,,
1076.2,70.34300000,,,,,,,,,,
1076.4,70.29300000,,,,,,,,,,
1076.6,70.18400000,,,,,,,,,,
1076.8,69.97800000,,,,,,,,,,
1077,69.76200000,,,,,,,,,,
1077.2,69.64200000,,,,,,,,,,
1077.4,69.50400000,,,,,,,,,,
1077.6,69.40100000,,,,,,,,,,
1077.8,69.25900000,,,,,,,,,,
1078,69.11900000,,,,,,,,,,
1078.2,69.01600000,,,,,,,,,,
1078.4,68.84900000,,,,,,,,,,
1078.6,68.77700000,,,,,,,,,,
1078.8,68.68900000,,,,,,,,,,
1079,68.59900000,,,,,,,,,,
1079.2,68.46000000,,,,,,,,,,
1079.4,68.46400000,,,,,,,,,,
1079.6,68.47700000,,,,,,,,,,
1079.8,68.29400000,,,,,,,,,,
1080,68.29200000,,,,,,,,,,
1080.2,68.34200000,,,,,,,,,,
1080.4,68.32500000,,,,,,,,,,
1080.6,68.33500000,,,,,,,,,,
1080.8,68.36500000,,,,,,,,,,
1081,68.32200000,,,,,,,,,,
1081.2,68.20100000,,,,,,,,,,
1081.4,68.39400000,,,,,,,,,,
1081.6,68.28300000,,,,,,,,,,
1081.8,68.47500000,,,,,,,,,,
1082,68.39500000,,,,,,,,,,
1082.2,68.38400000,,,,,,,,,,
1082.4,68.60000000,,,,,,,,,,
1082.6,68.66100000,,,,,,,,,,
1082.8,68.76900000,,,,,,,,,,
1083,68.73200000,,,,,,,,,,
1083.2,68.95600000,,,,,,,,,,
1083.4,68.98400000,,,,,,,,,,
1083.6,69.25300000,,,,,,,,,,
1083.8,69.42100000,,,,,,,,,,
1084,69.54600000,,,,,,,,,,
1084.2,69.80100000,,,,,,,,,,
1084.4,69.84500000,,,,,,,,,,
1084.6,70.10100000,,,,,,,,,,
1084.8,70.11800000,,,,,,,,,,
1085,70.40300000,,,,,,,,,,
1085.2,70.65200000,,,,,,,,,,
1085.4,70.98000000,,,,,,,,,,
1085.6,71.28300000,,,,,,,,,,
1085.8,71.59200000,,,,,,,,,,
1086,71.84200000,,,,,,,,,,
1086.2,71.90400000,,,,,,,,,,
1086.4,72.37700000,,,,,,,,,,
1086.6,72.42000000,,,,,,,,,,
1086.8,72.86000000,,,,,,,,,,
1087,73.17000000,,,,,,,,,,
1087.2,73.52100000,,,,,,,,,,
1087.4,73.73900000,,,,,,,,,,
1087.6,74.09700000,,,,,,,,,,
1087.8,74.45800000,,,,,,,,,,
1088,74.72700000,,,,,,,,,,
1088.2,75.07500000,,,,,,,,,,
1088.4,75.44300000,,,,,,,,,,
1088.6,75.75200000,,,,,,,,,,
1088.8,76.16800000,,,,,,,,,,
1089,76.53300000,,,,,,,,,,
1089.2,76.93400000,,,,,,,,,,
1089.4,77.14300000,,,,,,,,,,
1089.6,77.57500000,,,,,,,,,,
1089.8,77.94800000,,,,,,,,,,
1090,78.22200000,,,,,,,,,,
1090.2,78.39500000,,,,,,,,,,
1090.4,79.04300000,,,,,,,,,,
1090.6,79.16400000,,,,,,,,,,
1090.8,79.52700000,,,,,,,,,,
1091,79.82400000,,,,,,,,,,
1091.2,80.22500000,,,,,,,,,,
1091.4,80.57300000,,,,,,,,,,
1091.6,80.83300000,,,,,,,,,,
1091.8,81.49000000,,,,,,,,,,
1092,81.83000000,,,,,,,,,,
1092.2,82.12400000,,,,,,,,,,
1092.4,82.29700000,,,,,,,,,,
1092.6,82.60100000,,,,,,,,,,
1092.8,82.83700000,,,,,,,,,,
1093,83.28600000,,,,,,,,,,
1093.2,83.59500000,,,,,,,,,,
1093.4,83.94200000,,,,,,,,,,
1093.6,84.01900000,,,,,,,,,,
1093.8,84.33800000,,,,,,,,,,
1094,84.58500000,,,,,,,,,,
1094.2,84.58000000,,,,,,,,,,
1094.4,84.81300000,,,,,,,,,,
1094.6,85.23500000,,,,,,,,,,
1094.8,85.30400000,,,,,,,,,,
1095,85.28200000,,,,,,,,,,
1095.2,85.55000000,,,,,,,,,,
1095.4,85.57100000,,,,,,,,,,
1095.6,85.61000000,,,,,,,,,,
1095.8,85.87500000,,,,,,,,,,
1096,85.72100000,,,,,,,,,,
1096.2,85.92900000,,,,,,,,,,
1096.4,85.85200000,,,,,,,,,,
1096.6,86.09200000,,,,,,,,,,
1096.8,85.91600000,,,,,,,,,,
1097,85.96200000,,,,,,,,,,
1097.2,85.86100000,,,,,,,,,,
1097.4,85.81600000,,,,,,,,,,
1097.6,85.91500000,,,,,,,,,,
1097.8,85.71900000,,,,,,,,,,
1098,85.38500000,,,,,,,,,,
1098.2,85.30200000,,,,,,,,,,
1098.4,85.38400000,,,,,,,,,,
1098.6,85.12800000,,,,,,,,,,
1098.8,84.95000000,,,,,,,,,,
1099,84.51600000,,,,,,,,,,
1099.2,84.64100000,,,,,,,,,,
1099.4,84.17000000,,,,,,,,,,
1099.6,83.99500000,,,,,,,,,,
1099.8,83.73800000,,,,,,,,,,
1100,83.45200000,,,,,,,,,,
1100.2,83.28900000,,,,,,,,,,
1100.4,82.85400000,,,,,,,,,,
1100.6,82.87600000,,,,,,,,,,
1100.8,82.17400000,,,,,,,,,,
1101,81.79200000,,,,,,,,,,
1101.2,81.82400000,,,,,,,,,,
1101.4,81.23200000,,,,,,,,,,
1101.6,81.07800000,,,,,,,,,,
1101.8,80.62400000,,,,,,,,,,
1102,80.25200000,,,,,,,,,,
1102.2,79.81100000,,,,,,,,,,
1102.4,79.60400000,,,,,,,,,,
1102.6,78.94600000,,,,,,,,,,
1102.8,78.77900000,,,,,,,,,,
1103,78.40900000,,,,,,,,,,
1103.2,78.12500000,,,,,,,,,,
1103.4,77.62200000,,,,,,,,,,
1103.6,77.20400000,,,,,,,,,,
1103.8,76.74400000,,,,,,,,,,
1104,76.37400000,,,,,,,,,,
1104.2,76.37900000,,,,,,,,,,
1104.4,75.76900000,,,,,,,,,,
1104.6,75.47800000,,,,,,,,,,
1104.8,75.01000000,,,,,,,,,,
1105,74.92500000,,,,,,,,,,
1105.2,74.47000000,,,,,,,,,,
1105.4,74.06700000,,,,,,,,,,
1105.6,73.75500000,,,,,,,,,,
1105.8,73.38000000,,,,,,,,,,
1106,73.06300000,,,,,,,,,,
1106.2,72.88400000,,,,,,,,,,
1106.4,72.35600000,,,,,,,,,,
1106.6,72.08100000,,,,,,,,,,
1106.8,71.86000000,,,,,,,,,,
1107,71.52200000,,,,,,,,,,
1107.2,71.20200000,,,,,,,,,,
1107.4,70.82300000,,,,,,,,,,
1107.6,70.81200000,,,,,,,,,,
1107.8,70.54900000,,,,,,,,,,
1108,69.98400000,,,,,,,,,,
1108.2,69.94000000,,,,,,,,,,
1108.4,69.44400000,,,,,,,,,,
1108.6,69.41700000,,,,,,,,,,
1108.8,69.08900000,,,,,,,,,,
1109,68.76700000,,,,,,,,,,
1109.2,68.65600000,,,,,,,,,,
1109.4,68.51100000,,,,,,,,,,
1109.6,68.14600000,,,,,,,,,,
1109.8,68.13600000,,,,,,,,,,
1110,67.83300000,,,,,,,,,,
1110.2,67.62600000,,,,,,,,,,
1110.4,67.48300000,,,,,,,,,,
1110.6,67.43800000,,,,,,,,,,
1110.8,67.09000000,,,,,,,,,,
1111,67.18200000,,,,,,,,,,
1111.2,66.72700000,,,,,,,,,,
1111.4,66.50000000,,,,,,,,,,
1111.6,66.50400000,,,,,,,,,,
1111.8,66.56100000,,,,,,,,,,
1112,66.42400000,,,,,,,,,,
1112.2,66.13800000,,,,,,,,,,
1112.4,66.16700000,,,,,,,,,,
1112.6,66.00800000,,,,,,,,,,
1112.8,65.79600000,,,,,,,,,,
1113,65.57400000,,,,,,,,,,
1113.2,65.55700000,,,,,,,,,,
1113.4,65.59200000,,,,,,,,,,
1113.6,65.60800000,,,,,,,,,,
1113.8,65.52500000,,,,,,,,,,
1114,65.34100000,,,,,,,,,,
1114.2,65.29300000,,,,,,,,,,
1114.4,65.22300000,,,,,,,,,,
1114.6,65.13100000,,,,,,,,,,
1114.8,65.19500000,,,,,,,,,,
1115,65.05000000,,,,,,,,,,
1115.2,65.05600000,,,,,,,,,,
1115.4,64.97400000,,,,,,,,,,
1115.6,64.55000000,,,,,,,,,,
1115.8,64.75800000,,,,,,,,,,
1116,64.60600000,,,,,,,,,,
1116.2,64.95600000,,,,,,,,,,
1116.4,64.55500000,,,,,,,,,,
1116.6,64.53300000,,,,,,,,,,
1116.8,64.36100000,,,,,,,,,,
1117,64.36700000,,,,,,,,,,
1117.2,64.39900000,,,,,,,,,,
1117.4,64.36900000,,,,,,,,,,
1117.6,64.33900000,,,,,,,,,,
1117.8,64.36800000,,,,,,,,,,
1118,64.25400000,,,,,,,,,,
1118.2,64.13400000,,,,,,,,,,
1118.4,64.18100000,,,,,,,,,,
1118.6,63.91900000,,,,,,,,,,
1118.8,63.91300000,,,,,,,,,,
1119,63.91000000,,,,,,,,,,
1119.2,63.85400000,,,,,,,,,,
1119.4,63.91100000,,,,,,,,,,
1119.6,63.88400000,,,,,,,,,,
1119.8,63.64100000,,,,,,,,,,
1120,63.51300000,,,,,,,,,,
1120.2,63.31500000,,,,,,,,,,
1120.4,63.24400000,,,,,,,,,,
1120.6,63.14500000,,,,,,,,,,
1120.8,63.08400000,,,,,,,,,,
1121,63.18200000,,,,,,,,,,
1121.2,63.04100000,,,,,,,,,,
1121.4,62.90100000,,,,,,,,,,
1121.6,62.76100000,,,,,,,,,,
1121.8,62.62200000,,,,,,,,,,
1122,62.48200000,,,,,,,,,,
1122.2,62.31800000,,,,,,,,,,
1122.4,62.15600000,,,,,,,,,,
1122.6,61.99300000,,,,,,,,,,
1122.8,61.83100000,,,,,,,,,,
1123,61.66900000,,,,,,,,,,
1123.2,61.47100000,,,,,,,,,,
1123.4,61.27400000,,,,,,,,,,
1123.6,61.07800000,,,,,,,,,,
1123.8,60.88200000,,,,,,,,,,
1124,60.68600000,,,,,,,,,,
1124.2,60.47000000,,,,,,,,,,
1124.4,60.25500000,,,,,,,,,,
1124.6,60.04000000,,,,,,,,,,
1124.8,59.82600000,,,,,,,,,,
1125,59.61300000,,,,,,,,,,
1125.2,59.38800000,,,,,,,,,,
1125.4,59.16400000,,,,,,,,,,
1125.6,58.94100000,,,,,,,,,,
1125.8,58.71900000,,,,,,,,,,
1126,58.49800000,,,,,,,,,,
1126.2,58.24500000,,,,,,,,,,
1126.4,57.99400000,,,,,,,,,,
1126.6,57.74400000,,,,,,,,,,
1126.8,57.49500000,,,,,,,,,,
1127,57.24700000,,,,,,,,,,
1127.2,57.00100000,,,,,,,,,,
1127.4,56.75500000,,,,,,,,,,
1127.6,56.51000000,,,,,,,,,,
1127.8,56.26700000,,,,,,,,,,
1128,56.02400000,,,,,,,,,,
1128.2,55.75900000,,,,,,,,,,
1128.4,55.49500000,,,,,,,,,,
1128.6,55.23200000,,,,,,,,,,
1128.8,54.97100000,,,,,,,,,,
1129,54.71100000,,,,,,,,,,
1129.2,54.47200000,,,,,,,,,,
1129.4,54.23500000,,,,,,,,,,
1129.6,53.99900000,,,,,,,,,,
1129.8,53.76400000,,,,,,,,,,
1130,53.53000000,,,,,,,,,,
1130.2,53.29300000,,,,,,,,,,
1130.4,53.05800000,,,,,,,,,,
1130.6,52.82400000,,,,,,,,,,
1130.8,52.59100000,,,,,,,,,,
1131,52.35900000,,,,,,,,,,
1131.2,52.14700000,,,,,,,,,,
1131.4,51.93600000,,,,,,,,,,
1131.6,51.72600000,,,,,,,,,,
1131.8,51.51700000,,,,,,,,,,
1132,51.30900000,,,,,,,,,,
1132.2,51.10700000,,,,,,,,,,
1132.4,50.90700000,,,,,,,,,,
1132.6,50.70700000,,,,,,,,,,
1132.8,50.50800000,,,,,,,,,,
1133,50.31200000,,,,,,,,,,
1133.2,50.15400000,,,,,,,,,,
1133.4,49.99600000,,,,,,,,,,
1133.6,49.83900000,,,,,,,,,,
1133.8,49.68200000,,,,,,,,,,
1134,49.52700000,,,,,,,,,,
1134.2,49.40600000,,,,,,,,,,
1134.4,49.28500000,,,,,,,,,,
1134.6,49.16500000,,,,,,,,,,
1134.8,49.04500000,,,,,,,,,,
1135,48.92600000,,,,,,,,,,
1135.2,48.85000000,,,,,,,,,,
1135.4,48.77500000,,,,,,,,,,
1135.6,48.69900000,,,,,,,,,,
1135.8,48.62400000,,,,,,,,,,
1136,48.54900000,,,,,,,,,,
1136.2,48.49200000,,,,,,,,,,
1136.4,48.43600000,,,,,,,,,,
1136.6,48.37900000,,,,,,,,,,
1136.8,48.32200000,,,,,,,,,,
1137,48.26700000,,,,,,,,,,
1137.2,48.23800000,,,,,,,,,,
1137.4,48.21000000,,,,,,,,,,
1137.6,48.18200000,,,,,,,,,,
1137.8,48.15300000,,,,,,,,,,
1138,48.12700000,,,,,,,,,,
1138.2,48.15700000,,,,,,,,,,
1138.4,48.18700000,,,,,,,,,,
1138.6,48.21800000,,,,,,,,,,
1138.8,48.24800000,,,,,,,,,,
1139,48.27900000,,,,,,,,,,
1139.2,48.36200000,,,,,,,,,,
1139.4,48.44500000,,,,,,,,,,
1139.6,48.52800000,,,,,,,,,,
1139.8,48.61200000,,,,,,,,,,
1140,48.69600000,,,,,,,,,,
1140.2,48.81600000,,,,,,,,,,
1140.4,48.93700000,,,,,,,,,,
1140.6,49.05800000,,,,,,,,,,
1140.8,49.17900000,,,,,,,,,,
1141,49.30300000,,,,,,,,,,
1141.2,49.46900000,,,,,,,,,,
1141.4,49.63700000,,,,,,,,,,
1141.6,49.80500000,,,,,,,,,,
1141.8,49.97300000,,,,,,,,,,
1142,50.14400000,,,,,,,,,,
1142.2,50.35500000,,,,,,,,,,
1142.4,50.56700000,,,,,,,,,,
1142.6,50.77900000,,,,,,,,,,
1142.8,50.99300000,,,,,,,,,,
1143,51.20900000,,,,,,,,,,
1143.2,51.46200000,,,,,,,,,,
1143.4,51.71600000,,,,,,,,,,
1143.6,51.97100000,,,,,,,,,,
1143.8,52.22700000,,,,,,,,,,
1144,52.48900000,,,,,,,,,,
1144.2,52.85300000,,,,,,,,,,
1144.4,53.22000000,,,,,,,,,,
1144.6,53.59000000,,,,,,,,,,
1144.8,53.96200000,,,,,,,,,,
1145,54.33600000,,,,,,,,,,
1145.2,54.69800000,,,,,,,,,,
1145.4,55.06200000,,,,,,,,,,
1145.6,55.42900000,,,,,,,,,,
1145.8,55.79800000,,,,,,,,,,
1146,56.17000000,,,,,,,,,,
1146.2,56.59000000,,,,,,,,,,
1146.4,57.01300000,,,,,,,,,,
1146.6,57.43900000,,,,,,,,,,
1146.8,57.86900000,,,,,,,,,,
1147,58.30200000,,,,,,,,,,
1147.2,58.77800000,,,,,,,,,,
1147.4,59.25800000,,,,,,,,,,
1147.6,59.74200000,,,,,,,,,,
1147.8,60.23000000,,,,,,,,,,
1148,60.72200000,,,,,,,,,,
1148.2,61.27600000,,,,,,,,,,
1148.4,61.83500000,,,,,,,,,,
1148.6,62.39900000,,,,,,,,,,
1148.8,62.96800000,,,,,,,,,,
1149,63.54200000,,,,,,,,,,
1149.2,64.12300000,,,,,,,,,,
1149.4,64.70800000,,,,,,,,,,
1149.6,65.29900000,,,,,,,,,,
1149.8,65.89600000,,,,,,,,,,
1150,66.49600000,,,,,,,,,,
1150.2,67.07900000,,,,,,,,,,
1150.4,67.66700000,,,,,,,,,,
1150.6,68.26100000,,,,,,,,,,
1150.8,68.85900000,,,,,,,,,,
1151,69.46500000,,,,,,,,,,
1151.2,70.12200000,,,,,,,,,,
1151.4,70.78600000,,,,,,,,,,
1151.6,71.45500000,,,,,,,,,,
1151.8,72.13100000,,,,,,,,,,
1152,72.81300000,,,,,,,,,,
1152.2,73.48100000,,,,,,,,,,
1152.4,74.15500000,,,,,,,,,,
1152.6,74.83500000,,,,,,,,,,
1152.8,75.52100000,,,,,,,,,,
1153,76.21100000,,,,,,,,,,
1153.2,76.85900000,,,,,,,,,,
1153.4,77.51100000,,,,,,,,,,
1153.6,78.17000000,,,,,,,,,,
1153.8,78.83400000,,,,,,,,,,
1154,79.50300000,,,,,,,,,,
1154.2,80.17700000,,,,,,,,,,
1154.4,80.85800000,,,,,,,,,,
1154.6,81.54300000,,,,,,,,,,
1154.8,82.23500000,,,,,,,,,,
1155,82.93200000,,,,,,,,,,
1155.2,83.52700000,,,,,,,,,,
1155.4,84.12600000,,,,,,,,,,
1155.6,84.72900000,,,,,,,,,,
1155.8,85.33700000,,,,,,,,,,
1156,85.94900000,,,,,,,,,,
1156.2,86.50000000,,,,,,,,,,
1156.4,87.05500000,,,,,,,,,,
1156.6,87.61400000,,,,,,,,,,
1156.8,88.17600000,,,,,,,,,,
1157,88.74000000,,,,,,,,,,
1157.2,89.21400000,,,,,,,,,,
1157.4,89.69100000,,,,,,,,,,
1157.6,90.17000000,,,,,,,,,,
1157.8,90.65200000,,,,,,,,,,
1158,91.13500000,,,,,,,,,,
1158.2,91.51700000,,,,,,,,,,
1158.4,91.89900000,,,,,,,,,,
1158.6,92.28400000,,,,,,,,,,
1158.8,92.67000000,,,,,,,,,,
1159,93.05600000,,,,,,,,,,
1159.2,93.34300000,,,,,,,,,,
1159.4,93.63100000,,,,,,,,,,
1159.6,93.91900000,,,,,,,,,,
1159.8,94.20900000,,,,,,,,,,
1160,94.49700000,,,,,,,,,,
1160.2,94.67100000,,,,,,,,,,
1160.4,94.84500000,,,,,,,,,,
1160.6,95.01900000,,,,,,,,,,
1160.8,95.19400000,,,,,,,,,,
1161,95.36700000,,,,,,,,,,
1161.2,95.45400000,,,,,,,,,,
1161.4,95.54100000,,,,,,,,,,
1161.6,95.62800000,,,,,,,,,,
1161.8,95.71600000,,,,,,,,,,
1162,95.79900000,,,,,,,,,,
1162.2,95.77100000,,,,,,,,,,
1162.4,95.74200000,,,,,,,,,,
1162.6,95.71400000,,,,,,,,,,
1162.8,95.68500000,,,,,,,,,,
1163,95.65500000,,,,,,,,,,
1163.2,95.56900000,,,,,,,,,,
1163.4,95.48300000,,,,,,,,,,
1163.6,95.39700000,,,,,,,,,,
1163.8,95.31200000,,,,,,,,,,
1164,95.22300000,,,,,,,,,,
1164.2,95.07600000,,,,,,,,,,
1164.4,94.92800000,,,,,,,,,,
1164.6,94.78100000,,,,,,,,,,
1164.8,94.63400000,,,,,,,,,,
1165,94.48700000,,,,,,,,,,
1165.2,94.29300000,,,,,,,,,,
1165.4,94.10000000,,,,,,,,,,
1165.6,93.90600000,,,,,,,,,,
1165.8,93.71400000,,,,,,,,,,
1166,93.52100000,,,,,,,,,,
1166.2,93.33100000,,,,,,,,,,
1166.4,93.14100000,,,,,,,,,,
1166.6,92.95200000,,,,,,,,,,
1166.8,92.76300000,,,,,,,,,,
1167,92.57300000,,,,,,,,,,
1167.2,92.34700000,,,,,,,,,,
1167.4,92.12300000,,,,,,,,,,
1167.6,91.89800000,,,,,,,,,,
1167.8,91.67500000,,,,,,,,,,
1168,91.45300000,,,,,,,,,,
1168.2,91.27100000,,,,,,,,,,
1168.4,91.08900000,,,,,,,,,,
1168.6,90.90800000,,,,,,,,,,
1168.8,90.72700000,,,,,,,,,,
1169,90.54500000,,,,,,,,,,
1169.2,90.35200000,,,,,,,,,,
1169.4,90.15800000,,,,,,,,,,
1169.6,89.96500000,,,,,,,,,,
1169.8,89.77300000,,,,,,,,,,
1170,89.58100000,,,,,,,,,,
1170.2,89.41500000,,,,,,,,,,
1170.4,89.25100000,,,,,,,,,,
1170.6,89.08600000,,,,,,,,,,
1170.8,88.92200000,,,,,,,,,,
1171,88.75900000,,,,,,,,,,
1171.2,88.65000000,,,,,,,,,,
1171.4,88.54100000,,,,,,,,,,
1171.6,88.43200000,,,,,,,,,,
1171.8,88.32300000,,,,,,,,,,
1172,88.21400000,,,,,,,,,,
1172.2,88.09700000,,,,,,,,,,
1172.4,87.97900000,,,,,,,,,,
1172.6,87.86200000,,,,,,,,,,
1172.8,87.74500000,,,,,,,,,,
1173,87.62900000,,,,,,,,,,
1173.2,87.60000000,,,,,,,,,,
1173.4,87.57200000,,,,,,,,,,
1173.6,87.54400000,,,,,,,,,,
1173.8,87.51600000,,,,,,,,,,
1174,87.48700000,,,,,,,,,,
1174.2,87.44100000,,,,,,,,,,
1174.4,87.39500000,,,,,,,,,,
1174.6,87.34900000,,,,,,,,,,
1174.8,87.30300000,,,,,,,,,,
1175,87.26000000,,,,,,,,,,
1175.2,87.29100000,,,,,,,,,,
1175.4,87.32100000,,,,,,,,,,
1175.6,87.35200000,,,,,,,,,,
1175.8,87.38200000,,,,,,,,,,
1176,87.41300000,,,,,,,,,,
1176.2,87.43200000,,,,,,,,,,
1176.4,87.45200000,,,,,,,,,,
1176.6,87.47100000,,,,,,,,,,
1176.8,87.49100000,,,,,,,,,,
1177,87.51200000,,,,,,,,,,
1177.2,87.58300000,,,,,,,,,,
1177.4,87.65500000,,,,,,,,,,
1177.6,87.72600000,,,,,,,,,,
1177.8,87.79800000,,,,,,,,,,
1178,87.86900000,,,,,,,,,,
1178.2,87.93300000,,,,,,,,,,
1178.4,87.99700000,,,,,,,,,,
1178.6,88.06100000,,,,,,,,,,
1178.8,88.12400000,,,,,,,,,,
1179,88.18900000,,,,,,,,,,
1179.2,88.28700000,,,,,,,,,,
1179.4,88.38500000,,,,,,,,,,
1179.6,88.48300000,,,,,,,,,,
1179.8,88.58200000,,,,,,,,,,
1180,88.67900000,,,,,,,,,,
1180.2,88.74800000,,,,,,,,,,
1180.4,88.81600000,,,,,,,,,,
1180.6,88.88400000,,,,,,,,,,
1180.8,88.95200000,,,,,,,,,,
1181,89.02100000,,,,,,,,,,
1181.2,89.11700000,,,,,,,,,,
1181.4,89.21300000,,,,,,,,,,
1181.6,89.30900000,,,,,,,,,,
1181.8,89.40500000,,,,,,,,,,
1182,89.50000000,,,,,,,,,,
1182.2,89.54900000,,,,,,,,,,
1182.4,89.59900000,,,,,,,,,,
1182.6,89.64900000,,,,,,,,,,
1182.8,89.69900000,,,,,,,,,,
1183,89.74900000,,,,,,,,,,
1183.2,89.80300000,,,,,,,,,,
1183.4,89.85800000,,,,,,,,,,
1183.6,89.91300000,,,,,,,,,,
1183.8,89.96800000,,,,,,,,,,
1184,90.02100000,,,,,,,,,,
1184.2,90.02400000,,,,,,,,,,
1184.4,90.02800000,,,,,,,,,,
1184.6,90.03100000,,,,,,,,,,
1184.8,90.03500000,,,,,,,,,,
1185,90.03800000,,,,,,,,,,
1185.2,90.02400000,,,,,,,,,,
1185.4,90.01100000,,,,,,,,,,
1185.6,89.99700000,,,,,,,,,,
1185.8,89.98300000,,,,,,,,,,
1186,89.96800000,,,,,,,,,,
1186.2,89.89600000,,,,,,,,,,
1186.4,89.82400000,,,,,,,,,,
1186.6,89.75200000,,,,,,,,,,
1186.8,89.68000000,,,,,,,,,,
1187,89.60800000,,,,,,,,,,
1187.2,89.53100000,,,,,,,,,,
1187.4,89.45300000,,,,,,,,,,
1187.6,89.37600000,,,,,,,,,,
1187.8,89.29900000,,,,,,,,,,
1188,89.21900000,,,,,,,,,,
1188.2,89.06100000,,,,,,,,,,
1188.4,88.90200000,,,,,,,,,,
1188.6,88.74400000,,,,,,,,,,
1188.8,88.58700000,,,,,,,,,,
1189,88.42900000,,,,,,,,,,
1189.2,88.27100000,,,,,,,,,,
1189.4,88.11400000,,,,,,,,,,
1189.6,87.95700000,,,,,,,,,,
1189.8,87.80000000,,,,,,,,,,
1190,87.64200000,,,,,,,,,,
1190.2,87.42900000,,,,,,,,,,
1190.4,87.21700000,,,,,,,,,,
1190.6,87.00500000,,,,,,,,,,
1190.8,86.79400000,,,,,,,,,,
1191,86.58300000,,,,,,,,,,
1191.2,86.35400000,,,,,,,,,,
1191.4,86.12600000,,,,,,,,,,
1191.6,85.89900000,,,,,,,,,,
1191.8,85.67200000,,,,,,,,,,
1192,85.44400000,,,,,,,,,,
1192.2,85.19200000,,,,,,,,,,
1192.4,84.94200000,,,,,,,,,,
1192.6,84.69100000,,,,,,,,,,
1192.8,84.44200000,,,,,,,,,,
1193,84.19300000,,,,,,,,,,
1193.2,83.91800000,,,,,,,,,,
1193.4,83.64500000,,,,,,,,,,
1193.6,83.37300000,,,,,,,,,,
1193.8,83.10100000,,,,,,,,,,
1194,82.83200000,,,,,,,,,,
1194.2,82.58100000,,,,,,,,,,
1194.4,82.33100000,,,,,,,,,,
1194.6,82.08200000,,,,,,,,,,
1194.8,81.83400000,,,,,,,,,,
1195,81.58500000,,,,,,,,,,
1195.2,81.28600000,,,,,,,,,,
1195.4,80.98700000,,,,,,,,,,
1195.6,80.68900000,,,,,,,,,,
1195.8,80.39300000,,,,,,,,,,
1196,80.09800000,,,,,,,,,,
1196.2,79.84200000,,,,,,,,,,
1196.4,79.58600000,,,,,,,,,,
1196.6,79.33100000,,,,,,,,,,
1196.8,79.07700000,,,,,,,,,,
1197,78.82400000,,,,,,,,,,
1197.2,78.56800000,,,,,,,,,,
1197.4,78.31400000,,,,,,,,,,
1197.6,78.06000000,,,,,,,,,,
1197.8,77.80700000,,,,,,,,,,
1198,77.55400000,,,,,,,,,,
1198.2,77.27700000,,,,,,,,,,
1198.4,77.00000000,,,,,,,,,,
1198.6,76.72500000,,,,,,,,,,
1198.8,76.45100000,,,,,,,,,,
1199,76.17800000,,,,,,,,,,
1199.2,75.97200000,,,,,,,,,,
1199.4,75.76600000,,,,,,,,,,
1199.6,75.56000000,,,,,,,,,,
1199.8,75.35500000,,,,,,,,,,
1200,75.15100000,,,,,,,,,,
